Column1,Column2,Column3,Column4,Column5
Sample,Locus,type,Sequence,Variant
BL01,NGN3,reference,TCAACTCCGCGTTGGATGCGCTGCGCGGGGTCCTGCCCACCTT,no variant
BL01,NGN3,allele,TCAACTCCGCGTTGGATGCGCTGCGCGGGGTCCTGCCCACCTT,no variant
BL01,NGN3,reference,TCAACTCCGCGTT-GGATGCGCTGCGCGGGGTCCTGCCCACCTT,3:1I
BL01,NGN3,allele,TCAACTCCGCGTTTGGATGCGCTGCGCGGGGTCCTGCCCACCTT,3:1I
BL01,NGN3,reference,TCAACTCCGCGTTG-GATGCGCTGCGCGGGGTCCTGCCCACCTT,-1:1I
BL01,NGN3,allele,TCAACTCCGCGTTGAGATGCGCTGCGCGGGGTCCTGCCCACCTT,-1:1I
BL01,NGN3,reference,TCAACTCCGCGT-TGGATGCGCTGCGCGGGGTCCTGCCCACCTT,2:1I
BL01,NGN3,allele,TCAACTCCGCGTATGGATGCGCTGCGCGGGGTCCTGCCCACCTT,2:1I
BL01,NGN3,reference,TCAACTCCGCGTTGGA--TGCGCTGCGCGGGGTCCTGCCCACCTT,1:2I
BL01,NGN3,allele,TCAACTCCGCGTTTGAGATGCGCTGCGCGGGGTCCTGCCCACCTT,1:2I
BL01,NGN3,reference,TCAACTCCGCGTTGGATGCGCTGCGCGGGGTCCTGCCCACCTT,-1:1D
BL01,NGN3,allele,TCAACTCCGCGTTG-ATGCGCTGCGCGGGGTCCTGCCCACCTT,-1:1D
BL01,NGN3,reference,TCAACTCCGCGTTGGATGCGCTGCGCGGGGTCCTGCCCACCTT,SNV:-3G
BL01,NGN3,allele,TCAACTCCGCGTTGGCTGCGCTGCGCGGGGTCCTGCCCACCTT,SNV:-3G
BL02,NGN3,reference,TCAACTCCGCGTTGGATGCGCTGCGCGGGGTCCTGCCCACCTT,no variant
BL02,NGN3,allele,TCAACTCCGCGTTGGATGCGCTGCGCGGGGTCCTGCCCACCTT,no variant
BL02,NGN3,reference,TCAACTCCGCGTTGGATGCGCTGCGCGGGGTCCTGCCCACCTT,-10:16D
BL02,NGN3,allele,TCAACTCCGCG----------------GGGTCCTGCCCACCTT,-10:16D
BL02,NGN3,reference,TCAACTCCGCGT-TGGATGCGCTGCGCGGGGTCCTGCCCACCTT,2:1I
BL02,NGN3,allele,TCAACTCCGCGTGTGGATGCGCTGCGCGGGGTCCTGCCCACCTT,2:1I
BL02,NGN3,reference,TCAACTCCGCGTTGGATGCGCTGCGCGGGGTCCTGCCCACCTT,-3:4D
BL02,NGN3,allele,TCAACTCCGCGTTG----CGCTGCGCGGGGTCCTGCCCACCTT,-3:4D
BL02,NGN3,reference,TCAACTCCGCGTTG-GATGCGCTGCGCGGGGTCCTGCCCACCTT,-1:1I
BL02,NGN3,allele,TCAACTCCGCGTTGAGTTGCGCTGCGCGGGGTCCTGCCCACCTT,-1:1I
BL02,NGN3,reference,TCAACTCCGCGTTGGATGCGCTGCGCGGGGTCCTGCCCACCTT,-1:1D
BL02,NGN3,allele,TCAACTCCGCGTTG-ATGCGCTGCGCGGGGTCCTGCCCACCTT,-1:1D
BL02,NGN3,reference,TCAACTCCGCGTT-GGATGCGCTGCGCGGGGTCCTGCCCACCTT,3:1I
BL02,NGN3,allele,TCAACTCCGCGTTTGGATGCGCTGCGCGGGGTCCTGCCCACCTT,3:1I
BL02,NGN3,reference,TCAACTCCGCGTTGGATGCGCTGCGCGGGGTCCTGCCCACCTT,1:3D
BL02,NGN3,allele,TCAACTCCGCG---GATGCGCTGCGCGGGGTCCTGCCCACCTT,1:3D
BL02,NGN3,reference,TCAACTCCGCGTTG------GATGCGCTGCGCGGGGTCCTGCCCACCTT,3:6I
BL02,NGN3,allele,TCAACTCCGCGTTGAGATTGGATGCGCTGCGCGGGGTCCTGCCCACCTT,3:6I
BL02,NGN3,reference,TCAACTCCGCGTTGGATGCGCTGCGCGGGGTCCTGCCCACCTT,SNV:1C
BL02,NGN3,allele,TCAACTCCGCGTGGGATGCGCTGCGCGGGGTCCTGCCCACCTT,SNV:1C
BL03,NGN3,reference,TCAACTCCGCGTTGGATGCGCTGCGCGGGGTCCTGCCCACCTT,no variant
BL03,NGN3,allele,TCAACTCCGCGTTGGATGCGCTGCGCGGGGTCCTGCCCACCTT,no variant
BL03,NGN3,reference,TCAACTCCGCGTT-GGATGCGCTGCGCGGGGTCCTGCCCACCTT,3:1I
BL03,NGN3,allele,TCAACTCCGCGTTTGGATGCGCTGCGCGGGGTCCTGCCCACCTT,3:1I
BL03,NGN3,reference,TCAACTCCGCGTTGGATGCGCTGCGCGGGGTCCTGCCCACCTT,-4:9D
BL03,NGN3,allele,TCAACTCCGCG---------CTGCGCGGGGTCCTGCCCACCTT,-4:9D
BL03,NGN3,reference,TCAACTCCGCGTTG-GATGCGCTGCGCGGGGTCCTGCCCACCTT,-1:1I
BL03,NGN3,allele,TCAACTCCGCGTTGAGATGCGCTGCGCGGGGTCCTGCCCACCTT,-1:1I
BL03,NGN3,reference,TCAACTCCGCGTTGGATGCGCTGCGCGGGGTCCTGCCCACCTT,2:1D
BL03,NGN3,allele,TCAACTCCGCGT-GGATGCGCTGCGCGGGGTCCTGCCCACCTT,2:1D
BL04,NGN3,reference,TCAACTCCGCGTT-GGATGCGCTGCGCGGGGTCCTGCCCACCTT,3:1I
BL04,NGN3,allele,TCAACTCCGCGTTTGGATGCGCTGCGCGGGGTCCTGCCCACCTT,3:1I
BL04,NGN3,reference,TCAACTCCGCGTT-GGATGCGCTGCGCGGGGTCCTGCCCACCTT,2:1I
BL04,NGN3,allele,TCAACTCCGCGTCCGGATGCGCTGCGCGGGGTCCTGCCCACCTT,2:1I
BL04,NGN3,reference,TCAACTCCGCGTTGGATGCGCTGCGCGGGGTCCTGCCCACCTT,-5:10D
BL04,NGN3,allele,TCAACCCC----------CGCTGCGCGGGGTCCTGCCCACCTT,-5:10D
BL04,NGN3,reference,TCAACTCCGCGTTGGATGCGCTGCGCGGGGTCCTGCCCACCTT,no variant
BL04,NGN3,allele,TCAACTCCGCGTTGGATGCGCTGCGCGGGGTCCTGCCCACCTT,no variant
BL04,NGN3,reference,TCAACTCCGCGTTGGATGCGCTGCGCGGGGTCCTGCCCACCTT,-10:16D
BL04,NGN3,allele,TCAACTCCGCG----------------GGGTCCTGCCCACCTT,-10:16D
BL04,NGN3,reference,TCAACTCCGCGTTGGATGCGCTGCGCGGGGTCCTGCCCACCTT,1:3D
BL04,NGN3,allele,TCAACTCCGCG---GATGCGCTGCGCGGGGTCCTGCCCACCTT,1:3D
BL04,NGN3,reference,TCAACTCCGC---GTTGGATGCGCTGCGCGGGGTCCTGCCCACCTT,4:3I
BL04,NGN3,allele,TCAACTCCGCGGAGTTGGATGCGCTGCGCGGGGTCCTGCCCACCTT,4:3I
BL05,NGN3,reference,TCAACTCCGCGTTGGATGCGCTGCGCGGGGTCCTGCCCACCTT,no variant
BL05,NGN3,allele,TCAACTCCGCGTTGGATGCGCTGCGCGGGGTCCTGCCCACCTT,no variant
BL05,NGN3,reference,TCAACTCCGCGTT-GGATGCGCTGCGCGGGGTCCTGCCCACCTT,3:1I
BL05,NGN3,allele,TCAACTCCGCGTTTGGATGCGCTGCGCGGGGTCCTGCCCACCTT,3:1I
BL06,NGN3,reference,TCAACTCCGCGTTGGATGCGCTGCGCGGGGTCCTGCCCACCTT,-4:9D
BL06,NGN3,allele,TCAACTCCGCG---------CTGCGCGGGGTCCTGCCCACCTT,-4:9D
BL07,NGN3,reference,TCAACTCCGCGTT-GGATGCGCTGCGCGGGGTCCTGCCCACCTT,3:1I
BL07,NGN3,allele,TCAACTCCGCGTTTGGATGCGCTGCGCGGGGTCCTGCCCACCTT,3:1I
BL08,NGN3,reference,TCAACTCCGCGTT-GGATGCGCTGCGCGGGGTCCTGCCCACCTT,3:1I
BL08,NGN3,allele,TCAACTCCGCGTTTGGATGCGCTGCGCGGGGTCCTGCCCACCTT,3:1I
BL08,NGN3,reference,TCAACTCCGCGTTGGATGCGCTGCGCGGGGTCCTGCCCACCTT,no variant
BL08,NGN3,allele,TCAACTCCGCGTTGGATGCGCTGCGCGGGGTCCTGCCCACCTT,no variant
BL08,NGN3,reference,TCAACTCCGCGTTGGATGCGCTGCGCGGGGTCCTGCCCACCTT,2:1D
BL08,NGN3,allele,TCAACTCCGCGT-GGATGCGCTGCGCGGGGTCCTGCCCACCTT,2:1D
BL09,NGN3,reference,TCAACTCCGCGTT----GGATGCGCTGCGCGGGGTCCTGCCCACCTT,3:4I
BL09,NGN3,allele,TCAACTCCGCGTTTTTTGGATGCGCTGCGCGGGGTCCTGCCCACCTT,3:4I
BL09,NGN3,reference,TCAACTCCGCGTTG-GATGCGCTGCGCGGGGTCCTGCCCACCTT,-1:1I
BL09,NGN3,allele,TCAACTCCGCGTTGAGATGCGCTGCGCGGGGTCCTGCCCACCTT,-1:1I
BL09,NGN3,reference,TCAACTCCGCGTT---GGATGCGCTGCGCGGGGTCCTGCCCACCTT,1:3I
BL09,NGN3,allele,TCAACTCCGCGTTTTAGGATGCGCTGCGCGGGGTCCTGCCCACCTT,1:3I
BL09,NGN3,reference,TCAACTCCGCGTTGGA--TGCGCTGCGCGGGGTCCTGCCCACCTT,1:2I
BL09,NGN3,allele,TCAACTCCGCGTTTGAGATGCGCTGCGCGGGGTCCTGCCCACCTT,1:2I
BL09,NGN3,reference,TCAACTCCGCGTT--GGATGCGCTGCGCGGGGTCCTGCCCACCTT,3:2I
BL09,NGN3,allele,TCAACTCCGCGTTTTGGATGCGCTGCGCGGGGTCCTGCCCACCTT,3:2I
BL09,NGN3,reference,TCAACTCCGCGTT-GGATGCGCTGCGCGGGGTCCTGCCCACCTT,3:1I
BL09,NGN3,allele,TCAACTCCGCGTTTGGATGCGCTGCGCGGGGTCCTGCCCACCTT,3:1I
BL09,NGN3,reference,TCAACTCCGCGTT----GGATGCGCTGCGCGGGGTCCTGCCCACCTT,1:4I
BL09,NGN3,allele,TCAACTCCGCGTTTTTGAGATGCGCTGCGCGGGGTCCTGCCCACCTT,1:4I
BL09,NGN3,reference,TCAACTC--------------------------CGCGTTGGATGCGCTGCGCGGGGTCCTGCCCACCTT,7:26I
BL09,NGN3,allele,TCAACTCCGCGTTGAGATGCGCTGGATGCGCTGCGCGTTGGATGCGCTGCGCGGGGTCCTGCCCACCTT,7:26I
BL09,NGN3,reference,TCAACTCCGCGTT---GGATGCGCTGCGCGGGGTCCTGCCCACCTT,3:3I
BL09,NGN3,allele,TCAACTCCGCGTTTTTGGATGCGCTGCGCGGGGTCCTGCCCACCTT,3:3I
BL10,NGN3,reference,TCAACTCCGCGTTG-GATGCGCTGCGCGGGGTCCTGCCCACCTT,-1:1I
BL10,NGN3,allele,TCAACTCCGCGTTGAGTTGCGCTGCGCGGGGTCCTGCCCACCTT,-1:1I
BL10,NGN3,reference,TCAACTCCGCGTTGGATGCGCTGCGCGGGGTCCTGCCCACCTT,-1:1D
BL10,NGN3,allele,TCAACTCCGCGTTG-ATGCGCTGCGCGGGGTCCTGCCCACCTT,-1:1D
BL10,NGN3,reference,TCAACTCCGCGTTGGATGCGCTGCGCGGGGTCCTGCCCACCTT,"SNV:-2T,-3A"
BL10,NGN3,allele,TCAACTCCGCGTTGATTGCGCTGCGCGGGGTCCTGCCCACCTT,"SNV:-2T,-3A"
BL10,NGN3,reference,TCAACTCCGCGTTGGATGCGCTGCGCGGGGTCCTGCCCACCTT,"SNV:-2T,-3C"
BL10,NGN3,allele,TCAACTCCGCGTTGAGTGCGCTGCGCGGGGTCCTGCCCACCTT,"SNV:-2T,-3C"
BL10,NGN3,reference,TCAACTCCGCGTTGGATGCGCTGCGCGGGGTCCTGCCCACCTT,no variant
BL10,NGN3,allele,TCAACTCCGCGTTGGATGCGCTGCGCGGGGTCCTGCCCACCTT,no variant
BL11,NGN3,reference,TCAACTCCGCGTT-GGATGCGCTGCGCGGGGTCCTGCCCACCTT,3:1I
BL11,NGN3,allele,TCAACTCCGCGTTTGGATGCGCTGCGCGGGGTCCTGCCCACCTT,3:1I
BL11,NGN3,reference,TCAACTCCGCGTTGGATGCGCTGCGCGGGGTCCTGCCCACCTT,-10:16D
BL11,NGN3,allele,TCAACTCCGCG----------------GGGTCCTGCCCACCTT,-10:16D
BL11,NGN3,reference,TCAACTCCGCGTTGGATGCGCTGCGCGGGGTCCTGCCCACCTT,-8:10D
BL11,NGN3,allele,TCAACTCCGCGTGGGG----------GGGGTCCTGCCCACCTT,-8:10D
BL11,NGN3,reference,TCAACTCCGCGTTGGATGCGCTGCGCGGGGTCCTGCCCACCTT,-11:9D
BL11,NGN3,allele,TCAACTCCGCGTGGG---------GGGGGGTCCTGCCCACCTT,-11:9D
BL11,NGN3,reference,TCAACTCCGCGTTGGATGCGCTGCGCGGGGTCCTGCCCACCTT,-11:7D
BL11,NGN3,allele,TCAACTCCGCGTTGCCTGCC-------GGGTCCTGCCCACCTT,-11:7D
BL11,NGN3,reference,TCAACTCCGCGTTGGATGCGCTGCGCGGGGTCCTGCCCACCTT,-13:11D
BL11,NGN3,allele,TCAACTCCGCGTGGG-----------GGGGTCCTGCCCACCTT,-13:11D
BL12,NGN3,reference,TCAACTCCGCGTT-GGATGCGCTGCGCGGGGTCCTGCCCACCTT,3:1I
BL12,NGN3,allele,TCAACTCCGCGTTTGGATGCGCTGCGCGGGGTCCTGCCCACCTT,3:1I
BL12,NGN3,reference,TCAACTCCGCGTT-GGATGCGCTGCGCGGGGTCCTGCCCACCTT,2:1I
BL12,NGN3,allele,TCAACTCCGCGTCCGGATGCGCTGCGCGGGGTCCTGCCCACCTT,2:1I
BL12,NGN3,reference,TCAACTCCGCGTTGGATGCGCTGCGCGGGGTCCTGCCCACCTT,-4:9D
BL12,NGN3,allele,TCAACTCCGCG---------CTGCGCGGGGTCCTGCCCACCTT,-4:9D
BL13,NGN3,reference,TCAACTCCGCGTT-GGATGCGCTGCGCGGGGTCCTGCCCACCTT,3:1I
BL13,NGN3,allele,TCAACTCCGCGTTTGGATGCGCTGCGCGGGGTCCTGCCCACCTT,3:1I
BL14,NGN3,reference,TCAACTCCGCGTTGGATGCGCTGCGCGGGGTCCTGCCCACCTT,no variant
BL14,NGN3,allele,TCAACTCCGCGTTGGATGCGCTGCGCGGGGTCCTGCCCACCTT,no variant
BL14,NGN3,reference,TCAACTCCGCGTT-GGATGCGCTGCGCGGGGTCCTGCCCACCTT,3:1I
BL14,NGN3,allele,TCAACTCCGCGTTTGGATGCGCTGCGCGGGGTCCTGCCCACCTT,3:1I
BL14,NGN3,reference,TCAACTCCGCGT-TGGATGCGCTGCGCGGGGTCCTGCCCACCTT,2:1I
BL14,NGN3,allele,TCAACTCCGCGTGTGGATGCGCTGCGCGGGGTCCTGCCCACCTT,2:1I
BL14,NGN3,reference,TCAACTCCGCGT---TGGATGCGCTGCGCGGGGTCCTGCCCACCTT,2:3I
BL14,NGN3,allele,TCAACTCCGCGTAAATGGATGCGCTGCGCGGGGTCCTGCCCACCTT,2:3I
BL14,NGN3,reference,TCAACTCCGCGTTGGATGCGCTGCGCGGGGTCCTGCCCACCTT,-4:9D
BL14,NGN3,allele,TCAACTCCGCG---------CTGCGCGGGGTCCTGCCCACCTT,-4:9D
BL14,NGN3,reference,TCAACTCCGCGT--TGGATGCGCTGCGCGGGGTCCTGCCCACCTT,2:2I
BL14,NGN3,allele,TCAACTCCGCGTCCTGGATGCGCTGCGCGGGGTCCTGCCCACCTT,2:2I
BL15,NGN3,reference,TCAACTCCGCGTTGGATGCGCTGCGCGGGGTCCTGCCCACCTT,"-8:5D,-1:1I"
BL15,NGN3,allele,TCAACTCCGCGTTGA----GATGCGGGGGGTCCTGCCCACCTT,"-8:5D,-1:1I"
BL15,NGN3,reference,TCAACTCCGCGTTG------GATGCGCTGCGCGGGGTCCTGCCCACCTT,3:6I
BL15,NGN3,allele,TCAACTCCGCGTTGAGATTGGATGCGCTGCGCGGGGTCCTGCCCACCTT,3:6I
BL15,NGN3,reference,TCAACTCCGCGTTG-GAT-GCGCTGCGCGGGGTCCTGCCCACCTT,"-14:1D,-3:1I,-1:1I"
BL15,NGN3,allele,TCAACTCCGCGTTGAGATTGCGCTGCGCGGG-TCCTGCCCACCTT,"-14:1D,-3:1I,-1:1I"
BL15,NGN3,reference,TCAACTCCGCGTTG-GATGCGCTGCGCGGGG--TCCTGCCCACCTT,"-9:3D,2:5I"
BL15,NGN3,allele,TCAACTCCGCGTTGAGATG-GATGCGTGGGGGGTCCTGCCCACCTT,"-9:3D,2:5I"
BL15,NGN3,reference,TCAACTCCGCGTTG-GAT-GCGCTGCGCGGGGTCCTGCCCACCTT,"-3:1I,-1:1I"
BL15,NGN3,allele,TCAACTCCGCGTTGAGATTGCGCTGCGCGGGGTCCTGCCCACCTT,"-3:1I,-1:1I"
BL15,NGN3,reference,TCAACTCCGCGTTGGATGCGCTGCGCGGGGTCCTGCCCACCTT,no variant
BL15,NGN3,allele,TCAACTCCGCGTTGGATGCGCTGCGCGGGGTCCTGCCCACCTT,no variant
BL15,NGN3,reference,TCAACTCCGCGTTG-----GATGCGCTGCGCGGGGTCCTGCCCACCTT,"-14:1D,-1:5I"
BL15,NGN3,allele,TCAACTCCGCGTTGAGATTGATGCGCTGCGCGGG-TCCTGCCCACCTT,"-14:1D,-1:5I"
BLCL,NGN3,reference,TCAACTCCGCGTTGGATGCGCTGCGCGGGGTCCTGCCCACCTT,no variant
BLCL,NGN3,allele,TCAACTCCGCGTTGGATGCGCTGCGCGGGGTCCTGCCCACCTT,no variant
BLCL,NGN3,reference,TCAACTCCGCGTT-GGATGCGCTGCGCGGGGTCCTGCCCACCTT,3:1I
BLCL,NGN3,allele,TCAACTCCGCGTTTGGATGCGCTGCGCGGGGTCCTGCCCACCTT,3:1I
BLM113,NGN3,reference,TCAACTCCGCGTTGGATGCGCTGCGCGGGGTCCTGCCCACCTT,2:1D
BLM113,NGN3,allele,TCAACTCCGCGT-GGATGCGCTGCGCGGGGTCCTGCCCACCTT,2:1D
BLM113,NGN3,reference,TCAACTCCGCGTT-GGATGCGCTGCGCGGGGTCCTGCCCACCTT,3:1I
BLM113,NGN3,allele,TCAACTCCGCGTTTGGATGCGCTGCGCGGGGTCCTGCCCACCTT,3:1I
BLM113,NGN3,reference,TCAACTCCGCGTTGGATGCGCTGCGCGGGGTCCTGCCCACCTT,no variant
BLM113,NGN3,allele,TCAACTCCGCGTTGGATGCGCTGCGCGGGGTCCTGCCCACCTT,no variant
BLM113,NGN3,reference,TCAACTCCGCGT-TGGATGCGCTGCGCGGGGTCCTGCCCACCTT,2:1I
BLM113,NGN3,allele,TCAACTCCGCGTGTGGATGCGCTGCGCGGGGTCCTGCCCACCTT,2:1I
BLM113,NGN3,reference,TCAACTCCGCGTTGGATGCGCTGCGCGGGGTCCTGCCCACCTT,SNV:1C
BLM113,NGN3,allele,TCAACTCCGCGTGGGATGCGCTGCGCGGGGTCCTGCCCACCTT,SNV:1C
BLM113,NGN3,reference,TCAACTCCGC---GTTGGATGCGCTGCGCGGGGTCCTGCCCACCTT,4:3I
BLM113,NGN3,allele,TCAACTCCGCGGAGTTGGATGCGCTGCGCGGGGTCCTGCCCACCTT,4:3I
BLM113,NGN3,reference,TCAACTCCGCGTTGGATGCGCTGCGCGG-GGTCCTGCCCACCTT,"-15:1I,-4:9D"
BLM113,NGN3,allele,TCAACTCCGCG---------CTGCGCGGAGGTCCTGCCCACCTT,"-15:1I,-4:9D"
BLM113,NGN3,reference,TCAACTCCGCGTTGGATGCGCTGCGCGGGGTCCTGCCCACCTT,-10:16D
BLM113,NGN3,allele,TCAACTCCGCG----------------GGGTCCTGCCCACCTT,-10:16D
BLM113,NGN3,reference,TCAACTCCGCGTTGGATGCGCTGCGCGGGGTCCTGCCCACCTT,-4:9D
BLM113,NGN3,allele,TCAACTCCGCG---------CTGCGCGGGGTCCTGCCCACCTT,-4:9D
BLM141,NGN3,reference,TCAACTCCGCGTTGGATGCGCTGCGCGG-GGTCCTGCCCACCTT,"-15:1I,-4:9D"
BLM141,NGN3,allele,TCAACTCCGCG---------CTGCGCGGAGGTCCTGCCCACCTT,"-15:1I,-4:9D"
BLM141,NGN3,reference,TCAACTCCGCGTT-GGATGCGCTGCGCGGGGTCCTGCCCACCTT,3:1I
BLM141,NGN3,allele,TCAACTCCGCGTTTGGATGCGCTGCGCGGGGTCCTGCCCACCTT,3:1I
BLM141,NGN3,reference,TCAACTCCGCGTTGGATGCGCTGCGCGGGGTCCTGCCCACCTT,no variant
BLM141,NGN3,allele,TCAACTCCGCGTTGGATGCGCTGCGCGGGGTCCTGCCCACCTT,no variant
BLM141,NGN3,reference,TCAACTCCGCGTTGGATGCGCTGCGCGGGGTCCTGCCCACCTT,-4:9D
BLM141,NGN3,allele,TCAACTCCGCG---------CTGCGCGGGGTCCTGCCCACCTT,-4:9D
BLM151,NGN3,reference,TCAACTCCGCGT-TGGATGCGCTGCGCGGGGTCCTGCCCACCTT,2:1I
BLM151,NGN3,allele,TCAACTCCGCGTGTGGATGCGCTGCGCGGGGTCCTGCCCACCTT,2:1I
BLM151,NGN3,reference,TCAACTCCGCGTTGGATGCGCTGCGCGGGGTCCTGCCCACCTT,-4:9D
BLM151,NGN3,allele,TCAACTCCGCG---------CTGCGCGGGGTCCTGCCCACCTT,-4:9D
BLM151,NGN3,reference,TCAACTCCGCGTT-GGATGCGCTGCGCGGGGTCCTGCCCACCTT,3:1I
BLM151,NGN3,allele,TCAACTCCGCGTTTGGATGCGCTGCGCGGGGTCCTGCCCACCTT,3:1I
BLM151,NGN3,reference,TCAACTCCGCGTTGGATGCGCTGCGCGGGGTCCTGCCCACCTT,-3:4D
BLM151,NGN3,allele,TCAACTCCGCGTTG----CGCTGCGCGGGGTCCTGCCCACCTT,-3:4D
BLM151,NGN3,reference,TCAACTCCGCGTTGGATGCGCTGCGCGGGGTCCTGCCCACCTT,-6:8D
BLM151,NGN3,allele,TCAACTCCGCG--------CCTGCGCGGGGTCCTGCCCACCTT,-6:8D
BLM151,NGN3,reference,TCAACTCCGCGTT--GGATGCGCTGCGCGGGGTCCTGCCCACCTT,3:2I
BLM151,NGN3,allele,TCAACTCCGCGTTTTGGATGCGCTGCGCGGGGTCCTGCCCACCTT,3:2I
BLM151,NGN3,reference,TCAACTCCGCGTTGGATGCGCTGCGCGGGGTCCTGCCCACCTT,-17:25D
BLM151,NGN3,allele,TCAACTCC-------------------------TGCCCACCTT,-17:25D
BLM151,NGN3,reference,TCAACTCCGCGTTGGATGCGCTGCGCGGGGTCCTGCCCACCTT,2:1D
BLM151,NGN3,allele,TCAACTCCGCGT-GGATGCGCTGCGCGGGGTCCTGCCCACCTT,2:1D
BLM151,NGN3,reference,TCAACTCCGCGTTGGATGCGCTGCGCGGGGTCCTGCCCACCTT,no variant
BLM151,NGN3,allele,TCAACTCCGCGTTGGATGCGCTGCGCGGGGTCCTGCCCACCTT,no variant
BLM151,NGN3,reference,TCAACTCCGCGTTGGATGCGCTGCGCGGGGTCCTGCCCACCTT,-2:9D
BLM151,NGN3,allele,TCAACT---------ATGCGCTGCGCGGGGTCCTGCCCACCTT,-2:9D
BLM151,NGN3,reference,TCAACTCCGCGTTGGATGCGCTGCGCGGGGTCCTGCCCACCTT,-4:7D
BLM151,NGN3,allele,TCAACTCCGCG-------CGCTGCGCGGGGTCCTGCCCACCTT,-4:7D
BLM151,NGN3,reference,TCAACTCCGCGTTGGATGCGCTGCGCGGGGTCCTGCCCACCTT,-3:8D
BLM151,NGN3,allele,TCAACTCC--------CGCGCTGCGCGGGGTCCTGCCCACCTT,-3:8D
BLM153,NGN3,reference,TCAACTCCGCGTTGGATGCGCTGCGCGGGGTCCTGCCCACCTT,no variant
BLM153,NGN3,allele,TCAACTCCGCGTTGGATGCGCTGCGCGGGGTCCTGCCCACCTT,no variant
BLM153,NGN3,reference,TCAACTCCGCGTTGGATGCGCTGCGCGGGGTCCTGCCCACCTT,2:1D
BLM153,NGN3,allele,TCAACTCCGCGT-GGATGCGCTGCGCGGGGTCCTGCCCACCTT,2:1D
BLM153,NGN3,reference,TCAACTCCGCGTT-GGATGCGCTGCGCGGGGTCCTGCCCACCTT,3:1I
BLM153,NGN3,allele,TCAACTCCGCGTTTGGATGCGCTGCGCGGGGTCCTGCCCACCTT,3:1I
BLM163,NGN3,reference,TCAACTCCGCGTT-GGATGCGCTGCGCGGGGTCCTGCCCACCTT,3:1I
BLM163,NGN3,allele,TCAACTCCGCGTTTGGATGCGCTGCGCGGGGTCCTGCCCACCTT,3:1I
BLM163,NGN3,reference,TCAACTCCGCGTTGGATGCGCTGCGCGGGGTCCTGCCCACCTT,no variant
BLM163,NGN3,allele,TCAACTCCGCGTTGGATGCGCTGCGCGGGGTCCTGCCCACCTT,no variant
BLM163,NGN3,reference,TCAACTCCGCGTTGGATGCGCTGCGCGGGGTCCTGCCCACCTT,2:1D
BLM163,NGN3,allele,TCAACTCCGCGT-GGATGCGCTGCGCGGGGTCCTGCCCACCTT,2:1D
BLM171,NGN3,reference,TCAACTCCGCGTT-GGATGCGCTGCGCGGGGTCCTGCCCACCTT,3:1I
BLM171,NGN3,allele,TCAACTCCGCGTTTGGATGCGCTGCGCGGGGTCCTGCCCACCTT,3:1I
BLM171,NGN3,reference,TCAACTCCGCGTTGGATGCGCTGCGCGGGGTCCTGCCCACCTT,no variant
BLM171,NGN3,allele,TCAACTCCGCGTTGGATGCGCTGCGCGGGGTCCTGCCCACCTT,no variant
BLM171,NGN3,reference,TCAACTCCGCGTTGGATGCGCTGCGCGGGGTCCTGCCCACCTT,-4:9D
BLM171,NGN3,allele,TCAACTCCGCG---------CTGCGCGGGGTCCTGCCCACCTT,-4:9D
BLM171,NGN3,reference,TCAACTCCGCGTTGGATGCGCTGCGCGGGGTCCTGCCCACCTT,-6:5D
BLM171,NGN3,allele,TCAACTCCGCGTTG-----CCTGCGCGGGGTCCTGCCCACCTT,-6:5D
BLM171,NGN3,reference,TCAACTCCGCGTTGGATGCGCTGCGCGGGGTCCTGCCCACCTT,-3:4D
BLM171,NGN3,allele,TCAACTCCGCGTTG----CGCTGCGCGGGGTCCTGCCCACCTT,-3:4D
BLM171,NGN3,reference,TCAACTCCGCGTTGGATGCGCTGCGCGGGGTCCTGCCCACCTT,-6:8D
BLM171,NGN3,allele,TCAACTCCGCG--------CCTGCGCGGGGTCCTGCCCACCTT,-6:8D
BLM173,NGN3,reference,TCAACTCCGCGTT-GGATGCGCTGCGCGGGGTCCTGCCCACCTT,3:1I
BLM173,NGN3,allele,TCAACTCCGCGTTTGGATGCGCTGCGCGGGGTCCTGCCCACCTT,3:1I
BLM173,NGN3,reference,TCAACTCCGCGTTGGATGCGCTGCGCGGGGTCCTGCCCACCTT,-1:1D
BLM173,NGN3,allele,TCAACTCCGCGTTG-ATGCGCTGCGCGGGGTCCTGCCCACCTT,-1:1D
BLM173,NGN3,reference,TCAACTCCGCGTTGGATGCGCTGCGCGGGGTCCTGCCCACCTT,no variant
BLM173,NGN3,allele,TCAACTCCGCGTTGGATGCGCTGCGCGGGGTCCTGCCCACCTT,no variant
BLM183,NGN3,reference,TCAACTCCGCGTTGGATGCGCTGCGCGGGGTCCTGCCCACCTT,-10:16D
BLM183,NGN3,allele,TCAACTCCGCG----------------GGGTCCTGCCCACCTT,-10:16D
BLM183,NGN3,reference,TCAACTCCGCGTTGGATGCGCTGCGCGGGGTCCTGCCCACCTT,2:2D
BLM183,NGN3,allele,TCAACTCCGC--TGGATGCGCTGCGCGGGGTCCTGCCCACCTT,2:2D
BLM183,NGN3,reference,TCAACTCCGCGTTGGATGCGCTGCGCGGGGTCCTGCCCACCTT,2:1D
BLM183,NGN3,allele,TCAACTCCGCGT-GGATGCGCTGCGCGGGGTCCTGCCCACCTT,2:1D
BLM183,NGN3,reference,TCAACTCCGCGTTGGATGCGCTGCGCGGGGTCCTGCCCACCTT,no variant
BLM183,NGN3,allele,TCAACTCCGCGTTGGATGCGCTGCGCGGGGTCCTGCCCACCTT,no variant
BLM193,NGN3,reference,TCAACTCCGCGTT-GGATGCGCTGCGCGGGGTCCTGCCCACCTT,3:1I
BLM193,NGN3,allele,TCAACTCCGCGTTTGGATGCGCTGCGCGGGGTCCTGCCCACCTT,3:1I
BLM193,NGN3,reference,TCAACTCCGCGTTGGATGCGCTGCGCGGGGTCCTGCCCACCTT,-17:25D
BLM193,NGN3,allele,TCAACTCC-------------------------TGCCCACCTT,-17:25D
BLM193,NGN3,reference,TCAACTCCGCGTTGGATGCGCTGCGCGGGGTCCTGCCCACCTT,no variant
BLM193,NGN3,allele,TCAACTCCGCGTTGGATGCGCTGCGCGGGGTCCTGCCCACCTT,no variant
BLM193,NGN3,reference,TCAACTCCGCGT-TGGATGCGCTGCGCGGGGTCCTGCCCACCTT,2:1I
BLM193,NGN3,allele,TCAACTCCGCGTGTGGATGCGCTGCGCGGGGTCCTGCCCACCTT,2:1I
BLM211,NGN3,reference,TCAACTCCGCGTT-GGATGCGCTGCGCGGGGTCCTGCCCACCTT,3:1I
BLM211,NGN3,allele,TCAACTCCGCGTTTGGATGCGCTGCGCGGGGTCCTGCCCACCTT,3:1I
BLM211,NGN3,reference,TCAACTCCGCGTTG--------GATGCGCTGCGCGGGGTCCTGCCCACCTT,1:8I
BLM211,NGN3,allele,TCAACTCCGCGTTGATGCGGAGGATGCGCTGCGCGGGGTCCTGCCCACCTT,1:8I
BLM212,NGN3,reference,TCAACTCCGCGTTGGATGCGCTGCGCGGGGTCCTGCCCACCTT,-10:16D
BLM212,NGN3,allele,TCAACTCCGCG----------------GGGTCCTGCCCACCTT,-10:16D
BLM212,NGN3,reference,TCAACTCCGCGTTGGATGCGCTGCGCGGGGTCCTGCCCACCTT,2:1D
BLM212,NGN3,allele,TCAACTCCGCGT-GGATGCGCTGCGCGGGGTCCTGCCCACCTT,2:1D
BLM213,NGN3,reference,TCAACTCCGCGT-TGGATGCGCTGCGCGGGGTCCTGCCCACCTT,2:1I
BLM213,NGN3,allele,TCAACTCCGCGTGTGGATGCGCTGCGCGGGGTCCTGCCCACCTT,2:1I
BLM213,NGN3,reference,TCAACTCCGCGTTG------GATGCGCTGCGCGGGGTCCTGCCCACCTT,3:6I
BLM213,NGN3,allele,TCAACTCCGCGTTGAGATTGGATGCGCTGCGCGGGGTCCTGCCCACCTT,3:6I
BLM213,NGN3,reference,TCAACTCCGCGTT-GGATGCGCTGCGCGGGGTCCTGCCCACCTT,3:1I
BLM213,NGN3,allele,TCAACTCCGCGTTTGGATGCGCTGCGCGGGGTCCTGCCCACCTT,3:1I
BLM213,NGN3,reference,TCAACTCCGCGTTG----GATGCGCTGCGCGGGGTCCTGCCCACCTT,3:4I
BLM213,NGN3,allele,TCAACTCCGCGTTGATTGGATGCGCTGCGCGGGGTCCTGCCCACCTT,3:4I
BLM213,NGN3,reference,TCAACTCCGCGTTG---GATGCGCTGCGCGGGGTCCTGCCCACCTT,2:3I
BLM213,NGN3,allele,TCAACTCCGCGTTGATGGATGCGCTGCGCGGGGTCCTGCCCACCTT,2:3I
BLM213,NGN3,reference,TCAACTCCGCGTTGGATGCGCTGCGCGGGGTCCTGCCCACCTT,-21:26D
BLM213,NGN3,allele,TCAACTCCGC--------------------------CCACCTT,-21:26D
BLM213,NGN3,reference,TCAACTCCGCGTTG-----GATGCGCTGCGCGGGGTCCTGCCCACCTT,2:5I
BLM213,NGN3,allele,TCAACTCCGCGTTGAGATGGATGCGCTGCGCGGGGTCCTGCCCACCTT,2:5I
BLM213,NGN3,reference,TCAACTCCGCGTTGGATG----CGCTGCGCGGGGTCCTGCCCACCTT,2:4I
BLM213,NGN3,allele,TCAACTCCGCGTTGGATGGATGCGCTGCGCGGGGTCCTGCCCACCTT,2:4I
BLM213,NGN3,reference,TCAACTCCGCGT--TGGATGCGCTGCGCGGGGTCCTGCCCACCTT,2:2I
BLM213,NGN3,allele,TCAACTCCGCGTGGTGGATGCGCTGCGCGGGGTCCTGCCCACCTT,2:2I
BLM213,NGN3,reference,TCAACTCCGCGTTGGAT-----GCGCTGCGCGGGGTCCTGCCCACCTT,3:5I
BLM213,NGN3,allele,TCAACTCCGCGTTGGATTGGATGCGCTGCGCGGGGTCCTGCCCACCTT,3:5I
BLM213,NGN3,reference,TCAACTCCGCGTTG---------GATGCGCTGCGCGGGGTCCTGCCCACCTT,4:9I
BLM213,NGN3,allele,TCAACTCCGCGTTGAGATTGTTGGATGCGCTGCGCGGGGTCCTGCCCACCTT,4:9I
BLM213,NGN3,reference,TCAACTCCGC---GTTGGATGCGCTGCGCGGGGTCCTGCCCACCTT,4:3I
BLM213,NGN3,allele,TCAACTCCGCGTGGTTGGATGCGCTGCGCGGGGTCCTGCCCACCTT,4:3I
BLM213,NGN3,reference,TCAACTCCGCGTTGG----ATGCGCTGCGCGGGGTCCTGCCCACCTT,4:4I
BLM213,NGN3,allele,TCAACTCCGCGTTGGTTGGATGCGCTGCGCGGGGTCCTGCCCACCTT,4:4I
BLM213,NGN3,reference,TCAACTCCGCGTTGGATGCGCTGCGCGGGGTCCTGCCCACCTT,no variant
BLM213,NGN3,allele,TCAACTCCGCGTTGGATGCGCTGCGCGGGGTCCTGCCCACCTT,no variant
BLM221,NGN3,reference,TCAACTCCGCGTT--GGATGCGCTGCGCGGGGTCCTGCCCACCTT,3:2I
BLM221,NGN3,allele,TCAACTCCGCGTTTTGGATGCGCTGCGCGGGGTCCTGCCCACCTT,3:2I
BLM221,NGN3,reference,TCAACTCCGCGTT-GGATGCGCTGCGCGGGGTCCTGCCCACCTT,3:1I
BLM221,NGN3,allele,TCAACTCCGCGTTTGGATGCGCTGCGCGGGGTCCTGCCCACCTT,3:1I
BLM221,NGN3,reference,TCAACTCCGCGTTGGATGCGCTGCGCGGGGTCCTGCCCACCTT,no variant
BLM221,NGN3,allele,TCAACTCCGCGTTGGATGCGCTGCGCGGGGTCCTGCCCACCTT,no variant
BLM223,NGN3,reference,TCAACTCCGCGTTGGATGCGCTGCGCGGGGTCCTGCCCACCTT,-4:9D
BLM223,NGN3,allele,TCAACTCCGCG---------CTGCGCGGGGTCCTGCCCACCTT,-4:9D
BLM223,NGN3,reference,TCAACTCCGCGT-TGGATGCGCTGCGCGGGGTCCTGCCCACCTT,2:1I
BLM223,NGN3,allele,TCAACTCCGCGTGTGGATGCGCTGCGCGGGGTCCTGCCCACCTT,2:1I
BLM223,NGN3,reference,TCAACTCCGCGTTGGATGCGCTGCGCGGGGTCCTGCCCACCTT,no variant
BLM223,NGN3,allele,TCAACTCCGCGTTGGATGCGCTGCGCGGGGTCCTGCCCACCTT,no variant
BLM223,NGN3,reference,TCAACTCCGCGTTGGATGCGCTGCGCGGGGTCCTGCCCACCTT,-2:9D
BLM223,NGN3,allele,TCAACT---------ATGCGCTGCGCGGGGTCCTGCCCACCTT,-2:9D
BLM231,NGN3,reference,TCAACTCCGCGTTGGATGCGCTGCGCGGGGTCCTGCCCACCTT,2:1D
BLM231,NGN3,allele,TCAACTCCGCGT-GGATGCGCTGCGCGGGGTCCTGCCCACCTT,2:1D
BLM231,NGN3,reference,TCAACTCCGCGTTGGATGCGCTGCGCGGGGTCCTGCCCACCTT,-5:12D
BLM231,NGN3,allele,TCAACTC------------GCTGCGCGGGGTCCTGCCCACCTT,-5:12D
BLM231,NGN3,reference,TCAACTCCGCGTTGGATGC-GCTGCGCGGGGTCCTGCCCACCTT,-6:1I
BLM231,NGN3,allele,TCAACTCCGCGGGGGGTTCAGCTGCGCGGGGTCCTGCCCACCTT,-6:1I
BLM233,NGN3,reference,TCAACTCCGCGTTGGATGCGCTGCGCGGGGTCCTGCCCACCTT,SNV:1C
BLM233,NGN3,allele,TCAACTCCGCGTGGGATGCGCTGCGCGGGGTCCTGCCCACCTT,SNV:1C
BLM233,NGN3,reference,TCAACTCCGCGTTGGATGCGCTGCGCGGGGTCCTGCCCACCTT,no variant
BLM233,NGN3,allele,TCAACTCCGCGTTGGATGCGCTGCGCGGGGTCCTGCCCACCTT,no variant
BLM233,NGN3,reference,TCAACTCCGCGTTGGATGCGCTGCGCGGGGTCCTGCCCACCTT,-3:4D
BLM233,NGN3,allele,TCAACTCCGCGTTG----CGCTGCGCGGGGTCCTGCCCACCTT,-3:4D
BLM233,NGN3,reference,TCAACTCCGCGTTGGATGCGCTGCGCGGGGTCCTGCCCACCTT,-10:16D
BLM233,NGN3,allele,TCAACTCCGCG----------------GGGTCCTGCCCACCTT,-10:16D
BLM233,NGN3,reference,TCAACTCCGCGT-TGGATGCGCTGCGCGGGGTCCTGCCCACCTT,2:1I
BLM233,NGN3,allele,TCAACTCCGCGTGTGGATGCGCTGCGCGGGGTCCTGCCCACCTT,2:1I
BLM233,NGN3,reference,TCAACTCCGCGTTG-GATGCGCTGCGCGGGGTCCTGCCCACCTT,-1:1I
BLM233,NGN3,allele,TCAACTCCGCGTTGAGTTGCGCTGCGCGGGGTCCTGCCCACCTT,-1:1I
BLM233,NGN3,reference,TCAACTCCGCGTT-GGATGCGCTGCGCGGGGTCCTGCCCACCTT,3:1I
BLM233,NGN3,allele,TCAACTCCGCGTTTGGATGCGCTGCGCGGGGTCCTGCCCACCTT,3:1I
BLM241,NGN3,reference,TCAACTCCGCGTTGGATGCGCTGCGCGGGGTCCTGCCCACCTT,-17:25D
BLM241,NGN3,allele,TCAACTCC-------------------------TGCCCACCTT,-17:25D
BLM241,NGN3,reference,TCAACTCCGCGTTGGATGCGCTGCGCGGGGTCCTGCCCACCTT,-5:11D
BLM241,NGN3,allele,TCAACTCCGC-----------TGCGCGGGGTCCTGCCCACCTT,-5:11D
BLM242,NGN3,reference,TCAACTCCGCGTTGGATGCGCTGCGCGGGGTCCTGCCCACCTT,1:3D
BLM242,NGN3,allele,TCAACTCCGCG---GATGCGCTGCGCGGGGTCCTGCCCACCTT,1:3D
BLM242,NGN3,reference,TCAACTCCGCGTTGGATGCGCTGCGCGGGGTCCTGCCCACCTT,2:1D
BLM242,NGN3,allele,TCAACTCCGCGT-GGATGCGCTGCGCGGGGTCCTGCCCACCTT,2:1D
BLM242,NGN3,reference,TCAACTCCGCGTTGGATGCGCTGCGCGGGGTCCTGCCCACCTT,1:2D
BLM242,NGN3,allele,TCAACTCCGCG--GGATGCGCTGCGCGGGGTCCTGCCCACCTT,1:2D
BLM242,NGN3,reference,TCAACTCCGCGTTGGATGCGCTGCGCGGGGTCCTGCCCACCTT,-1:1D
BLM242,NGN3,allele,TCAACTCCGCGTTG-ATGCGCTGCGCGGGGTCCTGCCCACCTT,-1:1D
BLM242,NGN3,reference,TCAACTCCGCGTTGGATGCGCTGCGCGGGGTCCTGCCCACCTT,no variant
BLM242,NGN3,allele,TCAACTCCGCGTTGGATGCGCTGCGCGGGGTCCTGCCCACCTT,no variant
BLM242,NGN3,reference,TCAACTCCGCGTTGGATGCGCTGCGCGGGGTCCTGCCCACCTT,-1:2D
BLM242,NGN3,allele,TCAACTCCGCGT--GATGCGCTGCGCGGGGTCCTGCCCACCTT,-1:2D
BLM243,NGN3,reference,TCAACTCCGCGTTGGATGCGCTGCGCGGGGTCCTGCCCACCTT,2:1D
BLM243,NGN3,allele,TCAACTCCGCGT-GGATGCGCTGCGCGGGGTCCTGCCCACCTT,2:1D
BLM243,NGN3,reference,TCAACTCCGCGTT-GGATGCGCTGCGCGGGGTCCTGCCCACCTT,3:1I
BLM243,NGN3,allele,TCAACTCCGCGTTTGGATGCGCTGCGCGGGGTCCTGCCCACCTT,3:1I
BLM251,NGN3,reference,TCAACTCCGCGTT-GGATGCGCTGCGCGGGGTCCTGCCCACCTT,3:1I
BLM251,NGN3,allele,TCAACTCCGCGTTTGGATGCGCTGCGCGGGGTCCTGCCCACCTT,3:1I
BLM252,NGN3,reference,TCAACTCCGCGTTGGATGCGCTGCGCGGGGTCCTGCCCACCTT,-1:1D
BLM252,NGN3,allele,TCAACTCCGCGTTG-ATGCGCTGCGCGGGGTCCTGCCCACCTT,-1:1D
BLM253,NGN3,reference,TCAACTCCGCGTT-GGATGCGCTGCGCGGGGTCCTGCCCACCTT,3:1I
BLM253,NGN3,allele,TCAACTCCGCGTTTGGATGCGCTGCGCGGGGTCCTGCCCACCTT,3:1I
BLM253,NGN3,reference,TCAACTCCGCGTT-GGATGCGCTGCGCGGGGTCCTGCCCACCTT,2:1I
BLM253,NGN3,allele,TCAACTCCGCGTCCGGATGCGCTGCGCGGGGTCCTGCCCACCTT,2:1I
BLM253,NGN3,reference,TCAACTCCGCGTTGGATGCGCTGCGCGGGGTCCTGCCCACCTT,no variant
BLM253,NGN3,allele,TCAACTCCGCGTTGGATGCGCTGCGCGGGGTCCTGCCCACCTT,no variant
BLM253,NGN3,reference,TCAACTCCGCGTTGG-ATGCGCTGCGCGGGGTCCTGCCCACCTT,1:1I
BLM253,NGN3,allele,TCAACTCCGCGTTGGGATGCGCTGCGCGGGGTCCTGCCCACCTT,1:1I
BLM261,NGN3,reference,TCAACTCCGCGTTGGATGCGCTGCGCGGGGTCCTGCCCACCTT,-2:9D
BLM261,NGN3,allele,TCAACT---------ATGCGCTGCGCGGGGTCCTGCCCACCTT,-2:9D
BLM511,NGN3,reference,TCAACTCCGCGTTGGATGCGCTGCGCGGGGTCCTGCCCACCTT,-3:4D
BLM511,NGN3,allele,TCAACTCCGCGTTG----CGCTGCGCGGGGTCCTGCCCACCTT,-3:4D
BLM512,NGN3,reference,TCAACTCCGCGTTGGATGCGCTGCGCGGGGTCCTGCCCACCTT,2:1D
BLM512,NGN3,allele,TCAACTCCGCGT-GGATGCGCTGCGCGGGGTCCTGCCCACCTT,2:1D
BLM512,NGN3,reference,TCAACTCCGCGTTGGATGCGCTGCGCGGGGTCCTGCCCACCTT,no variant
BLM512,NGN3,allele,TCAACTCCGCGTTGGATGCGCTGCGCGGGGTCCTGCCCACCTT,no variant
BLM512,NGN3,reference,TCAACTCCGCGTT-GGATGCGCTGCGCGGGGTCCTGCCCACCTT,3:1I
BLM512,NGN3,allele,TCAACTCCGCGTTTGGATGCGCTGCGCGGGGTCCTGCCCACCTT,3:1I
BLM521,NGN3,reference,TCAACTCCGCGTT-GGATGCGCTGCGCGGGGTCCTGCCCACCTT,3:1I
BLM521,NGN3,allele,TCAACTCCGCGTTTGGATGCGCTGCGCGGGGTCCTGCCCACCTT,3:1I
BLM521,NGN3,reference,TCAACTCCGCGT-TGGATGCGCTGCGCGGGGTCCTGCCCACCTT,2:1I
BLM521,NGN3,allele,TCAACTCCGCGTGTGGATGCGCTGCGCGGGGTCCTGCCCACCTT,2:1I
BLM521,NGN3,reference,TCAACTCCGCGTT--GGATGCGCTGCGCGGGGTCCTGCCCACCTT,3:2I
BLM521,NGN3,allele,TCAACTCCGCGTTTTGGATGCGCTGCGCGGGGTCCTGCCCACCTT,3:2I
BLM521,NGN3,reference,TCAACTCCGCGTTG--GATGCGCTGCGCGGGGTCCTGCCCACCTT,2:2I
BLM521,NGN3,allele,TCAACTCCGCGTTGTGGATGCGCTGCGCGGGGTCCTGCCCACCTT,2:2I
BLM522,NGN3,reference,TCAACTCCGCGT-TGGATGCGCTGCGCGGGGTCCTGCCCACCTT,2:1I
BLM522,NGN3,allele,TCAACTCCGCGTGTGGATGCGCTGCGCGGGGTCCTGCCCACCTT,2:1I
BLM522,NGN3,reference,TCAACTCCGCGTT-GGATGCGCTGCGCGGGGTCCTGCCCACCTT,3:1I
BLM522,NGN3,allele,TCAACTCCGCGTTTGGATGCGCTGCGCGGGGTCCTGCCCACCTT,3:1I
BLM531,NGN3,reference,TCAACTCCGCGTT-GGATGCGCTGCGCGGGGTCCTGCCCACCTT,2:1I
BLM531,NGN3,allele,TCAACTCCGCGTCCGGATGCGCTGCGCGGGGTCCTGCCCACCTT,2:1I
BLM531,NGN3,reference,TCAACTCCGCGTT-GGATGCGCTGCGCGGGGTCCTGCCCACCTT,3:1I
BLM531,NGN3,allele,TCAACTCCGCGTTTGGATGCGCTGCGCGGGGTCCTGCCCACCTT,3:1I
BLM532,NGN3,reference,TCAACTCCGCGTT-GGATGCGCTGCGCGGGGTCCTGCCCACCTT,3:1I
BLM532,NGN3,allele,TCAACTCCGCGTTTGGATGCGCTGCGCGGGGTCCTGCCCACCTT,3:1I
BLM532,NGN3,reference,TCAACTCCGCGTTGGATGCGCTGCGCGGGGTCCTGCCCACCTT,-21:26D
BLM532,NGN3,allele,TCAACTCCGC--------------------------CCACCTT,-21:26D
BLM551,NGN3,reference,TCAACTCCGCGTT-GGATGCGCTGCGCGGGGTCCTGCCCACCTT,3:1I
BLM551,NGN3,allele,TCAACTCCGCGTTTGGATGCGCTGCGCGGGGTCCTGCCCACCTT,3:1I
PTM134,NGN3,reference,TCAACTCCGCGTTGGATGCGCTGCGCGGGGTCCTGCCCACCTT,no variant
PTM134,NGN3,allele,TCAACTCCGCGTTGGATGCGCTGCGCGGGGTCCTGCCCACCTT,no variant
PTM134,NGN3,reference,TCAACTCCGCGTTGGATGCGCTGCGCGGGGTCCTGCCCACCTT,-3:6D
PTM134,NGN3,allele,TCAACTCCGC------TGCGCTGCGCGGGGTCCTGCCCACCTT,-3:6D
PTM134,NGN3,reference,TCAACTCCGCGTTGGATGCGCTGCGCGGGGTCCTGCCCACCTT,-2:5D
PTM134,NGN3,allele,TCAACTCCGCTT-----GCGCTGCGCGGGGTCCTGCCCACCTT,-2:5D
PTM134,NGN3,reference,TCAACTCCGCGTTGGATGCGCTGCGCGGGGTCCTGCCCACCTT,2:1D
PTM134,NGN3,allele,TCAACTCCGCGT-GGATGCGCTGCGCGGGGTCCTGCCCACCTT,2:1D
PTM134,NGN3,reference,TCAACTCCGCGTTGGATGCGCTGCGCGGGGTCCTGCCCACCTT,-3:4D
PTM134,NGN3,allele,TCAACTCCGCGTTG----CGCTGCGCGGGGTCCTGCCCACCTT,-3:4D
PTM134,NGN3,reference,TCAACTCCGCGTTGGATGCGCTGCGCGGGGTCCTGCCCACCTT,-1:2D
PTM134,NGN3,allele,TCAACTCCGCGT--GGTGCGCTGCGCGGGGTCCTGCCCACCTT,-1:2D
PTM134,NGN3,reference,TCAACTCCGCGTTGGATGCGCTGCGCGGGGTCCTGCCCACCTT,2:2D
PTM134,NGN3,allele,TCAACTCCGCTT--GATGCGCTGCGCGGGGTCCTGCCCACCTT,2:2D
PTM134,NGN3,reference,TCAACTCCGCGTTGGATGCGCTGCGCGGGGTCCTGCCCACCTT,-4:3D
PTM134,NGN3,allele,TCAACTCCGCGTGGG---CGCTGCGCGGGGTCCTGCCCACCTT,-4:3D
PTM2103,NGN3,reference,TCAACTCCGCGTTGGATGCGCTGCGCGGGGTCCTGCCCACCTT,no variant
PTM2103,NGN3,allele,TCAACTCCGCGTTGGATGCGCTGCGCGGGGTCCTGCCCACCTT,no variant
PTM2103,NGN3,reference,TCAACTCCGCGTT-GGATGCGCTGCGCGGGGTCCTGCCCACCTT,3:1I
PTM2103,NGN3,allele,TCAACTCCGCGTTTGGATGCGCTGCGCGGGGTCCTGCCCACCTT,3:1I
PTM2103,NGN3,reference,TCAACTCCGCGTTGGATGCGCTGCGCGGGGTCCTGCCCACCTT,-4:9D
PTM2103,NGN3,allele,TCAACTCCGCG---------CTGCGCGGGGTCCTGCCCACCTT,-4:9D
PTM2103,NGN3,reference,TCAACTCCGCGTTG--------GATGCGCTGCGCGGGGTCCTGCCCACCTT,4:8I
PTM2103,NGN3,allele,TCAACTCCGCGTTGCGGAGTTGGATGCGCTGCGCGGGGTCCTGCCCACCTT,4:8I
PTM2103,NGN3,reference,TCAACTCCGCGTTGG------ATGCGCTGCGCGGGGTCCTGCCCACCTT,2:6I
PTM2103,NGN3,allele,TCAACTCCGCGTTGGGAGTGGATGCGCTGCGCGGGGTCCTGCCCACCTT,2:6I
PTM2103,NGN3,reference,TCAACTCCGCGTTGG-------ATGCGCTGCGCGGGGTCCTGCCCACCTT,4:7I
PTM2103,NGN3,allele,TCAACTCCGCGTTGGGAGTTGGATGCGCTGCGCGGGGTCCTGCCCACCTT,4:7I
PTM2103,NGN3,reference,TCAACTCCGCGTTGG------ATGCGCTGCGCGGGGTCCTGCCCACCTT,4:6I
PTM2103,NGN3,allele,TCAACTCCGCGTTGGGGTTGGATGCGCTGCGCGGGGTCCTGCCCACCTT,4:6I
PTM2103,NGN3,reference,TCAACTCCGCGTTGGATGCGCTGCGCGGGGTCCTGCCCACCTT,-6:8D
PTM2103,NGN3,allele,TCAACTCCGCG--------CCTGCGCGGGGTCCTGCCCACCTT,-6:8D
PTM2103,NGN3,reference,TCAACTCCGCGTT-GGATGCGCTGCGCGGGGTCCTGCCCACCTT,2:1I
PTM2103,NGN3,allele,TCAACTCCGCGTCCGGATGCGCTGCGCGGGGTCCTGCCCACCTT,2:1I
PTM2103,NGN3,reference,TCAACTCCGCGTTGG-----ATGCGCTGCGCGGGGTCCTGCCCACCTT,2:5I
PTM2103,NGN3,allele,TCAACTCCGCGTTGGGGTGGATGCGCTGCGCGGGGTCCTGCCCACCTT,2:5I
PTM2103,NGN3,reference,TCAACTCCGCGTTGGATGCGCTGCGCGGGGTCCTGCCCACCTT,-6:5D
PTM2103,NGN3,allele,TCAACTCCGCGTTG-----CCTGCGCGGGGTCCTGCCCACCTT,-6:5D
PTM2103,NGN3,reference,TCAACTCCGCGTTG------GATGCGCTGCGCGGGGTCCTGCCCACCTT,3:6I
PTM2103,NGN3,allele,TCAACTCCGCGTTGCGATTGGATGCGCTGCGCGGGGTCCTGCCCACCTT,3:6I
PTM213,NGN3,reference,TCAACTCCGCGTTGGATGCGCTGCGCGGGGTCCTGCCCACCTT,no variant
PTM213,NGN3,allele,TCAACTCCGCGTTGGATGCGCTGCGCGGGGTCCTGCCCACCTT,no variant
PTM233,NGN3,reference,TCAACTCCGCGTTGGATGCGCTGCGCGGGGTCCTGCCCACCTT,no variant
PTM233,NGN3,allele,TCAACTCCGCGTTGGATGCGCTGCGCGGGGTCCTGCCCACCTT,no variant
PTM233,NGN3,reference,TCAACTCCGCGTT-GGATGCGCTGCGCGGGGTCCTGCCCACCTT,3:1I
PTM233,NGN3,allele,TCAACTCCGCGTTTGGATGCGCTGCGCGGGGTCCTGCCCACCTT,3:1I
PTM233,NGN3,reference,TCAACTCCGCGTT--GGATGCGCTGCGCGGGGTCCTGCCCACCTT,3:2I
PTM233,NGN3,allele,TCAACTCCGCGTTTTGGATGCGCTGCGCGGGGTCCTGCCCACCTT,3:2I
PTM233,NGN3,reference,TCAACTCCGCGTT---GGATGCGCTGCGCGGGGTCCTGCCCACCTT,3:3I
PTM233,NGN3,allele,TCAACTCCGCGTTTTTGGATGCGCTGCGCGGGGTCCTGCCCACCTT,3:3I
PTM233,NGN3,reference,TCAACTCCGCGTTGGATGCGCTGCGCGGGGTCCTGCCCACCTT,2:1D
PTM233,NGN3,allele,TCAACTCCGCGT-GGATGCGCTGCGCGGGGTCCTGCCCACCTT,2:1D
PTM243,NGN3,reference,TCAACTCCGCGTT-GGATGCGCTGCGCGGGGTCCTGCCCACCTT,3:1I
PTM243,NGN3,allele,TCAACTCCGCGTTTGGATGCGCTGCGCGGGGTCCTGCCCACCTT,3:1I
PTM243,NGN3,reference,TCAACTCCGCGTTGGATGCGCTGCGCGGGGTCCTGCCCACCTT,no variant
PTM243,NGN3,allele,TCAACTCCGCGTTGGATGCGCTGCGCGGGGTCCTGCCCACCTT,no variant
PTM243,NGN3,reference,TCAACTCCGCGTTGG---ATGCGCTGCGCGGGGTCCTGCCCACCTT,2:3I
PTM243,NGN3,allele,TCAACTCCGCGTTGGTGGATGCGCTGCGCGGGGTCCTGCCCACCTT,2:3I
PTM243,NGN3,reference,TCAACTCCGCGTTGGATGCGCTGCGCGGGGTCCTGCCCACCTT,-1:1D
PTM243,NGN3,allele,TCAACTCCGCGTTG-ATGCGCTGCGCGGGGTCCTGCCCACCTT,-1:1D
PTM263,NGN3,reference,TCAACTCCGCGTTGGATGCGCTGCGCGGGGTCCTGCCCACCTT,no variant
PTM263,NGN3,allele,TCAACTCCGCGTTGGATGCGCTGCGCGGGGTCCTGCCCACCTT,no variant
PTM263,NGN3,reference,TCAACTCCGCGTTG--GATGCGCTGCGCGGGGTCCTGCCCACCTT,1:2I
PTM263,NGN3,allele,TCAACTCCGCGTTGAGGATGCGCTGCGCGGGGTCCTGCCCACCTT,1:2I
PTM263,NGN3,reference,TCAACTCCGCGTTGG-ATGCGCTGCGCGGGGTCCTGCCCACCTT,1:1I
PTM263,NGN3,allele,TCAACTCCGCGTTGGGATGCGCTGCGCGGGGTCCTGCCCACCTT,1:1I
PTM263,NGN3,reference,TCAACTCCGCGTTG-GATGCGCTGCGCGGGGTCCTGCCCACCTT,-1:1I
PTM263,NGN3,allele,TCAACTCCGCGTTGAGATGCGCTGCGCGGGGTCCTGCCCACCTT,-1:1I
PTM263,NGN3,reference,TCAACTCCGCGT-TGGATGCGCTGCGCGGGGTCCTGCCCACCTT,2:1I
PTM263,NGN3,allele,TCAACTCCGCGTGTGGATGCGCTGCGCGGGGTCCTGCCCACCTT,2:1I
PTM263,NGN3,reference,TCAACTCCGCGTT-GGATGCGCTGCGCGGGGTCCTGCCCACCTT,3:1I
PTM263,NGN3,allele,TCAACTCCGCGTTTGGATGCGCTGCGCGGGGTCCTGCCCACCTT,3:1I
PTM273,NGN3,reference,TCAACTCCGCGT-TGGATGCGCTGCGCGGGGTCCTGCCCACCTT,2:1I
PTM273,NGN3,allele,TCAACTCCGCGTGTGGATGCGCTGCGCGGGGTCCTGCCCACCTT,2:1I
PTM273,NGN3,reference,TCAACTCCGCGTTGGATGCGCTGCGCGGGGTCCTGCCCACCTT,no variant
PTM273,NGN3,allele,TCAACTCCGCGTTGGATGCGCTGCGCGGGGTCCTGCCCACCTT,no variant
PTM293,NGN3,reference,TCAACTCCGCGTT-GGATGCGCTGCGCGGGGTCCTGCCCACCTT,3:1I
PTM293,NGN3,allele,TCAACTCCGCGTTTGGATGCGCTGCGCGGGGTCCTGCCCACCTT,3:1I
PTM293,NGN3,reference,TCAACTCCGCGT-TGGATGCGCTGCGCGGGGTCCTGCCCACCTT,2:1I
PTM293,NGN3,allele,TCAACTCCGCGTGTGGATGCGCTGCGCGGGGTCCTGCCCACCTT,2:1I
PTM293,NGN3,reference,TCAACTCCGCGTTGGATGCGCTGCGCGGGGTCCTGCCCACCTT,no variant
PTM293,NGN3,allele,TCAACTCCGCGTTGGATGCGCTGCGCGGGGTCCTGCCCACCTT,no variant
PTM5103,NGN3,reference,TCAACTCCGCGTTG------GATGCGCTGCGCGGGGTCCTGCCCACCTT,3:6I
PTM5103,NGN3,allele,TCAACTCCGCGTTGAGATTGGATGCGCTGCGCGGGGTCCTGCCCACCTT,3:6I
PTM5103,NGN3,reference,TCAACTCCGCGTT-GGATGCGCTGCGCGGGGTCCTGCCCACCTT,3:1I
PTM5103,NGN3,allele,TCAACTCCGCGTTTGGATGCGCTGCGCGGGGTCCTGCCCACCTT,3:1I
PTM513,NGN3,reference,TCAACTCCGCGTTG---------GATGCGCTGCGCGGGGTCCTGCCCACCTT,4:9I
PTM513,NGN3,allele,TCAACTCCGCGTTGAGATTGTTGGATGCGCTGCGCGGGGTCCTGCCCACCTT,4:9I
PTM514,NGN3,reference,TCAACTCCGCGTTGGATGCGCTGCGCGGGGTCCTGCCCACCTT,no variant
PTM514,NGN3,allele,TCAACTCCGCGTTGGATGCGCTGCGCGGGGTCCTGCCCACCTT,no variant
PTM514,NGN3,reference,TCAACTCCGCGTT-GGATGCGCTGCGCGGGGTCCTGCCCACCTT,3:1I
PTM514,NGN3,allele,TCAACTCCGCGTTTGGATGCGCTGCGCGGGGTCCTGCCCACCTT,3:1I
PTM514,NGN3,reference,TCAACTCCGCGTTGGATGCGCTGCGCGGGGTCCTGCCCACCTT,-21:26D
PTM514,NGN3,allele,TCAACTCCGC--------------------------CCACCTT,-21:26D
PTM523,NGN3,reference,TCAACTCCGCGTT-GGATGCGCTGCGCGGGGTCCTGCCCACCTT,3:1I
PTM523,NGN3,allele,TCAACTCCGCGTTTGGATGCGCTGCGCGGGGTCCTGCCCACCTT,3:1I
PTM523,NGN3,reference,TCAACTCCGCGTTGGATGCGCTGCGCGGGGTCCTGCCCACCTT,-4:9D
PTM523,NGN3,allele,TCAACTCCGCG---------CTGCGCGGGGTCCTGCCCACCTT,-4:9D
PTM524,NGN3,reference,TCAACTCCGCGTTGGATGCGCTGCGCGGGGTCCTGCCCACCTT,no variant
PTM524,NGN3,allele,TCAACTCCGCGTTGGATGCGCTGCGCGGGGTCCTGCCCACCTT,no variant
PTM524,NGN3,reference,TCAACTCCGCGTT-GGATGCGCTGCGCGGGGTCCTGCCCACCTT,3:1I
PTM524,NGN3,allele,TCAACTCCGCGTTTGGATGCGCTGCGCGGGGTCCTGCCCACCTT,3:1I
PTM524,NGN3,reference,TCAACTCCGCGT-TGGATGCGCTGCGCGGGGTCCTGCCCACCTT,2:1I
PTM524,NGN3,allele,TCAACTCCGCGTCTGGATGCGCTGCGCGGGGTCCTGCCCACCTT,2:1I
PTM524,NGN3,reference,TCAACTCCGCGT--TGGATGCGCTGCGCGGGGTCCTGCCCACCTT,2:2I
PTM524,NGN3,allele,TCAACTCCGCGTCCTGGATGCGCTGCGCGGGGTCCTGCCCACCTT,2:2I
PTM533,NGN3,reference,TCAACTCCGCGTTGGATGCGCTGCGCGGGGTCCTGCCCACCTT,-8:9D
PTM533,NGN3,allele,TCAACTCCGCGTTG---------CGCGGGGTCCTGCCCACCTT,-8:9D
PTM533,NGN3,reference,TCAACTCCGCGTTGGATGCGCTGCGCGGGGTCCTGCCCACCTT,-4:9D
PTM533,NGN3,allele,TCAACTCCGCG---------CTGCGCGGGGTCCTGCCCACCTT,-4:9D
PTM533,NGN3,reference,TCAACTCCGCGTT----GGATGCGCTGCGCGGGGTCCTGCCCACCTT,3:4I
PTM533,NGN3,allele,TCAACTCCGCGTTTTTTGGATGCGCTGCGCGGGGTCCTGCCCACCTT,3:4I
PTM533,NGN3,reference,TCAACTCCGCGTTGGATGCGCTGCGCGGGGTCCTGCCCACCTT,no variant
PTM533,NGN3,allele,TCAACTCCGCGTTGGATGCGCTGCGCGGGGTCCTGCCCACCTT,no variant
PTM533,NGN3,reference,TCAACTCCGCGTTGGATGCGCTGCGCGGGGTCCTGCCCACCTT,-4:10D
PTM533,NGN3,allele,TCAACTC----------GCGCTGCGCGGGGTCCTGCCCACCTT,-4:10D
PTM533,NGN3,reference,TCAACTCCGCGTTG---------GATGCGCTGCGCGGGGTCCTGCCCACCTT,4:9I
PTM533,NGN3,allele,TCAACTCCGCGTTGAGATTGTTGGATGCGCTGCGCGGGGTCCTGCCCACCTT,4:9I
PTM533,NGN3,reference,TCAACTCCGCGTT-GGATGCGCTGCGCGGGGTCCTGCCCACCTT,3:1I
PTM533,NGN3,allele,TCAACTCCGCGTTTGGATGCGCTGCGCGGGGTCCTGCCCACCTT,3:1I
PTM533,NGN3,reference,TCAACTCCGCGTTGGATGCGCTGCGCGGGGTCCTGCCCACCTT,-8:8D
PTM533,NGN3,allele,TCAACTCCGCGCT--------TGCGCGGGGTCCTGCCCACCTT,-8:8D
PTM533,NGN3,reference,TCAACTCCGCGTTGGATGCGCTGCGCGGGGTCCTGCCCACCTT,-10:16D
PTM533,NGN3,allele,TCAACTCCGCG----------------GGGTCCTGCCCACCTT,-10:16D
PTM533,NGN3,reference,TCAACTCCGCGTTGGATGCGCTGCGCGGGGTCCTGCCCACCTT,2:1D
PTM533,NGN3,allele,TCAACTCCGCGT-GGATGCGCTGCGCGGGGTCCTGCCCACCTT,2:1D
PTM533,NGN3,reference,TCAACTCCGCGTTGGATGCGCTGCGCGGGGTCCTGCCCACCTT,-3:11D
PTM533,NGN3,allele,TCAACT-----------GCGCTGCGCGGGGTCCTGCCCACCTT,-3:11D
PTM533,NGN3,reference,TCAACTCCGCGTTGGATGCGCTGCGCGGGGTCCTGCCCACCTT,"-14:1D,-2:2D"
PTM533,NGN3,allele,TCAACTCCGCGTTT--TGCGCTGCGCGGG-TCCTGCCCACCTT,"-14:1D,-2:2D"
PTM533,NGN3,reference,TCAACTCCGCGT-TGGATGCGCTGCGCGGGGTCCTGCCCACCTT,2:1I
PTM533,NGN3,allele,TCAACTCCGCGTATGGATGCGCTGCGCGGGGTCCTGCCCACCTT,2:1I
PTM533,NGN3,reference,TCAACTCCGCGTT---GGATGCGCTGCGCGGGGTCCTGCCCACCTT,"-11:2D,3:3I"
PTM533,NGN3,allele,TCAACTCCGCGTTTTTGGATGCGCTGGG--GGGTCCTGCCCACCTT,"-11:2D,3:3I"
PTM533,NGN3,reference,TCAACTCCGCGTTGGATGCGCTGCGCGGGGTCCTGCCCACCTT,-3:4D
PTM533,NGN3,allele,TCAACTCCGCGTTG----AGTTGCGCGGGGTCCTGCCCACCTT,-3:4D
PTM534,NGN3,reference,TCAACTCCGCGTTGGATGCGCTGCGCGGGGTCCTGCCCACCTT,no variant
PTM534,NGN3,allele,TCAACTCCGCGTTGGATGCGCTGCGCGGGGTCCTGCCCACCTT,no variant
PTM534,NGN3,reference,TCAACTCCGCGTTG-GAT-GCGCTGCGCGGGGTCCTGCCCACCTT,"-3:1I,-1:1I"
PTM534,NGN3,allele,TCAACTCCGCGTTGAGATTGCGCTGCGCGGGGTCCTGCCCACCTT,"-3:1I,-1:1I"
PTM534,NGN3,reference,TCAACTCCGCGTTGGATGCGCTGCGCGGGGTCCTGCCCACCTT,1:3D
PTM534,NGN3,allele,TCAACTCCGCG---GATGCGCTGCGCGGGGTCCTGCCCACCTT,1:3D
PTM543,NGN3,reference,TCAACTCCGCGTT-GGATGCGCTGCGCGGGGTCCTGCCCACCTT,3:1I
PTM543,NGN3,allele,TCAACTCCGCGTTTGGATGCGCTGCGCGGGGTCCTGCCCACCTT,3:1I
PTM543,NGN3,reference,TCAACTCCGCGTTGGATGCGCTGCGCGGGGTCCTGCCCACCTT,-4:9D
PTM543,NGN3,allele,TCAACTCCGCG---------CTGCGCGGGGTCCTGCCCACCTT,-4:9D
PTM543,NGN3,reference,TCAACTCCGCGTTGGATGCGCTGCGCGGGGTCCTGCCCACCTT,-6:5D
PTM543,NGN3,allele,TCAACTCCGCGTTG-----CCTGCGCGGGGTCCTGCCCACCTT,-6:5D
PTM543,NGN3,reference,TCAACTCCGCGTTGGATGCGCTGCGCGGGGTCCTGCCCACCTT,-6:8D
PTM543,NGN3,allele,TCAACTCCGCG--------CCTGCGCGGGGTCCTGCCCACCTT,-6:8D
PTM543,NGN3,reference,TCAACTCCGCGTTGGATGCGCTGCGCGGGGTCCTGCCCACCTT,no variant
PTM543,NGN3,allele,TCAACTCCGCGTTGGATGCGCTGCGCGGGGTCCTGCCCACCTT,no variant
PTM543,NGN3,reference,TCAACTCCGCGTTGGATGCGCTGCGCGGGGTCCTGCCCACCTT,-3:4D
PTM543,NGN3,allele,TCAACTCCGCGTTG----CGCTGCGCGGGGTCCTGCCCACCTT,-3:4D
PTM543,NGN3,reference,TCAACTCCGCGTTGGATGCGCTGCGCGGGGTCCTGCCCACCTT,-11:2D
PTM543,NGN3,allele,TCAACTCCGCGTTGGCTGCGCTGGG--GGGTCCTGCCCACCTT,-11:2D
PTM543,NGN3,reference,TCAACTCCGCGTTGGATGCGCTGCGCGGGGTCCTGCCCACCTT,"-14:1D,-1:1D"
PTM543,NGN3,allele,TCAACTCCGCGTTG-ATGCGCTGCGCGGG-TCCTGCCCACCTT,"-14:1D,-1:1D"
PTM543,NGN3,reference,TCAACTCCGCGTTGGATGCGCTGCGCGGGGTCCTGCCCACCTT,-1:6D
PTM543,NGN3,allele,TCAACTCC------CTTGCGCTGCGCGGGGTCCTGCCCACCTT,-1:6D
PTM543,NGN3,reference,TCAACTCCGCGTTGGATGCGCTGCGCGGGGTCCTGCCCACCTT,"-4:3D,7:1D"
PTM543,NGN3,allele,TCAACTC-GCGTGGG---CGCTGCGCGGGGTCCTGCCCACCTT,"-4:3D,7:1D"
PTM543,NGN3,reference,TCAACTCCGCGTTGGATGCGCTGCGCGGGGTCCTGCCCACCTT,"-3:4D,5:1D"
PTM543,NGN3,allele,TCAACTCC-CGTTG----CGCTGCGCGGGGTCCTGCCCACCTT,"-3:4D,5:1D"
PTM553,NGN3,reference,TCAACTCCGCGTTGGATGCGCTGCGCGGGGTCCTGCCCACCTT,-3:4D
PTM553,NGN3,allele,TCAACTCCGCGTTG----AGTTGCGCGGGGTCCTGCCCACCTT,-3:4D
PTM553,NGN3,reference,TCAACTCCGCGTTG------------GATGCGCTGCGCGGGGTCCTGCCCACCTT,2:12I
PTM553,NGN3,allele,TCAACTCCGCGTTGAGAGGCTGGCTGGATGCGCTGCGCGGGGTCCTGCCCACCTT,2:12I
PTM553,NGN3,reference,TCAACTCCGCGTTGGATGCGCTGCGCGGGGTCCTGCCCACCTT,-3:5D
PTM553,NGN3,allele,TCAACTCCGCGT-----GCGCTGCGCGGGGTCCTGCCCACCTT,-3:5D
PTM553,NGN3,reference,TCAACTCCGCGT---------TGGATGCGCTGCGCGGGGTCCTGCCCACCTT,4:9I
PTM553,NGN3,allele,TCAACTCCGCTTGAGAGCTGCTGGATGCGCTGCGCGGGGTCCTGCCCACCTT,4:9I
PTM553,NGN3,reference,TCAACTCCGCGT---------TGGATGCGCTGCGCGGGGTCCTGCCCACCTT,2:9I
PTM553,NGN3,allele,TCAACTCCGCGTGAGAGGTGGTGGATGCGCTGCGCGGGGTCCTGCCCACCTT,2:9I
PTM553,NGN3,reference,TCAACTCCGCGTTGGATGCGCT-GCGCGGGGTCCTGCCCACCTT,"-8:1I,-3:4D"
PTM553,NGN3,allele,TCAACTCCGCGTTG----CGCTTGCGCGGGGTCCTGCCCACCTT,"-8:1I,-3:4D"
PTM554,NGN3,reference,TCAACTCCGCGTTGGATGCGCTGCGCGGGGTCCTGCCCACCTT,no variant
PTM554,NGN3,allele,TCAACTCCGCGTTGGATGCGCTGCGCGGGGTCCTGCCCACCTT,no variant
PTM554,NGN3,reference,TCAACTCCGCGTT-GGATGCGCTGCGCGGGGTCCTGCCCACCTT,3:1I
PTM554,NGN3,allele,TCAACTCCGCGTTTGGATGCGCTGCGCGGGGTCCTGCCCACCTT,3:1I
PTM554,NGN3,reference,TCAACTCCGCGTTG-GATGCGCTGCGCGGGGTCCTGCCCACCTT,-1:1I
PTM554,NGN3,allele,TCAACTCCGCGTTGAGTTGCGCTGCGCGGGGTCCTGCCCACCTT,-1:1I
PTM564,NGN3,reference,TCAACTCCGCGTTGGATGCGCTGCGCGGGGTCCTGCCCACCTT,no variant
PTM564,NGN3,allele,TCAACTCCGCGTTGGATGCGCTGCGCGGGGTCCTGCCCACCTT,no variant
PTM564,NGN3,reference,TCAACTCCGCGTTGGATGCGCTGCGCGGGGTCCTGCCCACCTT,-4:9D
PTM564,NGN3,allele,TCAACTCCGCG---------CTGCGCGGGGTCCTGCCCACCTT,-4:9D
PTM564,NGN3,reference,TCAACTCCGCGT---TGGATGCGCTGCGCGGGGTCCTGCCCACCTT,2:3I
PTM564,NGN3,allele,TCAACTCCGCGTCCCTGGATGCGCTGCGCGGGGTCCTGCCCACCTT,2:3I
PTM573,NGN3,reference,TCAACTCCGCGTTGGATGCGCTGCGCGGGGTCCTGCCCACCTT,2:1D
PTM573,NGN3,allele,TCAACTCCGCGT-GGATGCGCTGCGCGGGGTCCTGCCCACCTT,2:1D
PTM573,NGN3,reference,TCAACTCCGCGTTGGATGCGCTGCGCGGGGTCCTGCCCACCTT,no variant
PTM573,NGN3,allele,TCAACTCCGCGTTGGATGCGCTGCGCGGGGTCCTGCCCACCTT,no variant
PTM573,NGN3,reference,TCAACTCCGCGTT-GGATGCGCTGCGCGGGGTCCTGCCCACCTT,3:1I
PTM573,NGN3,allele,TCAACTCCGCGTTTGGATGCGCTGCGCGGGGTCCTGCCCACCTT,3:1I
PTM574,NGN3,reference,TCAACTCCGCGTT-GGATGCGCTGCGCGGGGTCCTGCCCACCTT,3:1I
PTM574,NGN3,allele,TCAACTCCGCGTTTGGATGCGCTGCGCGGGGTCCTGCCCACCTT,3:1I
PTM583,NGN3,reference,TCAACTCCGCGTTGGATGCGCTGCGCGGGGTCCTGCCCACCTT,-10:16D
PTM583,NGN3,allele,TCAACTCCGCG----------------GGGTCCTGCCCACCTT,-10:16D
PTM583,NGN3,reference,TCAACTCCGCGTT--GGATGCGCTGCGCGGGGTCCTGCCCACCTT,3:2I
PTM583,NGN3,allele,TCAACTCCGCGTTTTGGATGCGCTGCGCGGGGTCCTGCCCACCTT,3:2I
PTM583,NGN3,reference,TCAACTCCGCGTTGGATGCGCTGCGCGGGGTCCTGCCCACCTT,2:2D
PTM583,NGN3,allele,TCAACTCCGC--TGGATGCGCTGCGCGGGGTCCTGCCCACCTT,2:2D
PTM584,NGN3,reference,TCAACTCCGCGTTGGATGCGCTGCGCGGGGTCCTGCCCACCTT,-21:26D
PTM584,NGN3,allele,TCAACTCCGC--------------------------CCACCTT,-21:26D
PTM584,NGN3,reference,TCAACTCCGCGTTGGATGCGCTGCGCGGGGTCCTGCCCACCTT,-22:25D
PTM584,NGN3,allele,TCAACTCCGC-------------------------CCCACCTT,-22:25D
PTM584,NGN3,reference,TCAACTCCGCGTTGGATGCGCTGCGCGGGGTCCTGCCCACCTT,-22:23D
PTM584,NGN3,allele,TCAACTCCGCGT-----------------------CCCACCTT,-22:23D
PTM584,NGN3,reference,TCAACTCCGCGTTGGATGCGCTGCGCGGGGTCCTGCCCACCTT,no variant
PTM584,NGN3,allele,TCAACTCCGCGTTGGATGCGCTGCGCGGGGTCCTGCCCACCTT,no variant
PTM584,NGN3,reference,TCAACTCCGCGTTGGATGCGCTGCGCGGGGTCCTGCCCACCTT,-21:25D
PTM584,NGN3,allele,TCAACTCCGT-------------------------CCCACCTT,-21:25D
PTM593,NGN3,reference,TCAACTCCGCGT-TGGATGCGCTGCGCGGGGTCCTGCCCACCTT,2:1I
PTM593,NGN3,allele,TCAACTCCGCGTATGGATGCGCTGCGCGGGGTCCTGCCCACCTT,2:1I
PTM594,NGN3,reference,TCAACTCCGCGT-TGGATGCGCTGCGCGGGGTCCTGCCCACCTT,2:1I
PTM594,NGN3,allele,TCAACTCCGCGTCTGGATGCGCTGCGCGGGGTCCTGCCCACCTT,2:1I
PTM594,NGN3,reference,TCAACTCCGCGTTGGATGCGCTGCGCGGGGTCCTGCCCACCTT,no variant
PTM594,NGN3,allele,TCAACTCCGCGTTGGATGCGCTGCGCGGGGTCCTGCCCACCTT,no variant
PTM594,NGN3,reference,TCAACTCCGCGTTG-GATGCGCTGCGCGGGGTCCTGCCCACCTT,-1:1I
PTM594,NGN3,allele,TCAACTCCGCGTTGAGATGCGCTGCGCGGGGTCCTGCCCACCTT,-1:1I
PTM594,NGN3,reference,TCAACTCCGCGT--TGGATGCGCTGCGCGGGGTCCTGCCCACCTT,3:2I
PTM594,NGN3,allele,TCAACTCCGCGTCTTGGATGCGCTGCGCGGGGTCCTGCCCACCTT,3:2I
PTM594,NGN3,reference,TCAACTCCGCGTTG------GATGCGCTGCGCGGGGTCCTGCCCACCTT,3:6I
PTM594,NGN3,allele,TCAACTCCGCGTTGAGATTGGATGCGCTGCGCGGGGTCCTGCCCACCTT,3:6I
PTM594,NGN3,reference,TCAACTCCGCGTTG----GATGCGCTGCGCGGGGTCCTGCCCACCTT,3:4I
PTM594,NGN3,allele,TCAACTCCGCGTTGATTGGATGCGCTGCGCGGGGTCCTGCCCACCTT,3:4I
PTM594,NGN3,reference,TCAACTCCGCGTT-GGATGCGCTGCGCGGGGTCCTGCCCACCTT,3:1I
PTM594,NGN3,allele,TCAACTCCGCGTTTGGATGCGCTGCGCGGGGTCCTGCCCACCTT,3:1I
PTM594,NGN3,reference,TCAACTCCGCGTTGGATG----CGCTGCGCGGGGTCCTGCCCACCTT,2:4I
PTM594,NGN3,allele,TCAACTCCGCGTTGGATGGATGCGCTGCGCGGGGTCCTGCCCACCTT,2:4I
PTM594,NGN3,reference,TCAACTCCGCGT---TGGATGCGCTGCGCGGGGTCCTGCCCACCTT,2:3I
PTM594,NGN3,allele,TCAACTCCGCGTGGCTGGATGCGCTGCGCGGGGTCCTGCCCACCTT,2:3I
PTMCL,NGN3,reference,TCAACTCCGCGTTGGATGCGCTGCGCGGGGTCCTGCCCACCTT,no variant
PTMCL,NGN3,allele,TCAACTCCGCGTTGGATGCGCTGCGCGGGGTCCTGCCCACCTT,no variant
