Sample	Variants	Frequency_b	Reads	Frequency_a	Locus	Seq	Reads_sample
BL01	no variant	0.388797589701452	2839	0.453949472337704	NGN3	TCAACTCCGCGTTGGATGCGCTGCGCGGGGTCCTGCCCACCTT	2712
BL01	3:1I	0.240345110928513	1755	0.280620402942117	NGN3	TCAACTCCGCGTTTGGATGCGCTGCGCGGGGTCCTGCCCACCTT	1625
BL01	-1:1I	0.126540673788003	924	0.147745442916533	NGN3	TCAACTCCGCGTTGAGATGCGCTGCGCGGGGTCCTGCCCACCTT	867
BL01	2:1I	0.0454669953437414	332	0.0530860249440358	NGN3	TCAACTCCGCGTATGGATGCGCTGCGCGGGGTCCTGCCCACCTT	248
BL01	1:2I	0.0280745001369488	205	0.0327790214262872	NGN3	TCAACTCCGCGTTTGAGATGCGCTGCGCGGGGTCCTGCCCACCTT	179
BL01	-1:1D	0.0153382634894549	112	0.0179085385353374	NGN3	TCAACTCCGCGTTGATGCGCTGCGCGGGGTCCTGCCCACCTT	100
BL01	SNV:-3G	0.0119145439605588	87	0.0139110968979853	NGN3	TCAACTCCGCGTTGGCTGCGCTGCGCGGGGTCCTGCCCACCTT	82
BL02	no variant	0.244803695150115	106	0.294444444444444	NGN3	TCAACTCCGCGTTGGATGCGCTGCGCGGGGTCCTGCCCACCTT	100
BL02	-10:16D	0.115473441108545	50	0.138888888888889	NGN3	TCAACTCCGCGGGGTCCTGCCCACCTT	48
BL02	2:1I	0.0877598152424942	38	0.105555555555556	NGN3	TCAACTCCGCGTGTGGATGCGCTGCGCGGGGTCCTGCCCACCTT	35
BL02	-3:4D	0.0808314087759815	35	0.0972222222222222	NGN3	TCAACTCCGCGTTGCGCTGCGCGGGGTCCTGCCCACCTT	34
BL02	-1:1I	0.069284064665127	30	0.0833333333333333	NGN3	TCAACTCCGCGTTGAGTTGCGCTGCGCGGGGTCCTGCCCACCTT	29
BL02	-1:1D	0.0600461893764434	26	0.0722222222222222	NGN3	TCAACTCCGCGTTGATGCGCTGCGCGGGGTCCTGCCCACCTT	25
BL02	3:1I	0.0300230946882217	13	0.0361111111111111	NGN3	TCAACTCCGCGTTTGGATGCGCTGCGCGGGGTCCTGCCCACCTT	11
BL02	1:3D	0.0277136258660508	12	0.0333333333333333	NGN3	TCAACTCCGCGGATGCGCTGCGCGGGGTCCTGCCCACCTT	12
BL02	3:6I	0.0277136258660508	12	0.0333333333333333	NGN3	TCAACTCCGCGTTGAGATTGGATGCGCTGCGCGGGGTCCTGCCCACCTT	11
BL02	SNV:1C	0.0254041570438799	11	0.0305555555555556	NGN3	TCAACTCCGCGTGGGATGCGCTGCGCGGGGTCCTGCCCACCTT	11
BL03	no variant	0.255162241887906	1038	0.438344594594595	NGN3	TCAACTCCGCGTTGGATGCGCTGCGCGGGGTCCTGCCCACCTT	1000
BL03	3:1I	0.103244837758112	420	0.177364864864865	NGN3	TCAACTCCGCGTTTGGATGCGCTGCGCGGGGTCCTGCCCACCTT	391
BL03	-4:9D	0.0983284169124877	400	0.168918918918919	NGN3	TCAACTCCGCGCTGCGCGGGGTCCTGCCCACCTT	381
BL03	-1:1I	0.0845624385447394	344	0.14527027027027	NGN3	TCAACTCCGCGTTGAGATGCGCTGCGCGGGGTCCTGCCCACCTT	313
BL03	2:1D	0.0408062930186824	166	0.0701013513513514	NGN3	TCAACTCCGCGTGGATGCGCTGCGCGGGGTCCTGCCCACCTT	146
BL04	3:1I	0.308888888888889	139	0.448387096774194	NGN3	TCAACTCCGCGTTTGGATGCGCTGCGCGGGGTCCTGCCCACCTT	131
BL04	2:1I	0.0933333333333333	42	0.135483870967742	NGN3	TCAACTCCGCGTCCGGATGCGCTGCGCGGGGTCCTGCCCACCTT	26
BL04	-5:10D	0.08	36	0.116129032258065	NGN3	TCAACCCCCGCTGCGCGGGGTCCTGCCCACCTT	33
BL04	no variant	0.0533333333333333	24	0.0774193548387097	NGN3	TCAACTCCGCGTTGGATGCGCTGCGCGGGGTCCTGCCCACCTT	24
BL04	-10:16D	0.0377777777777778	17	0.0548387096774194	NGN3	TCAACTCCGCGGGGTCCTGCCCACCTT	17
BL04	1:3D	0.0377777777777778	17	0.0548387096774194	NGN3	TCAACTCCGCGGATGCGCTGCGCGGGGTCCTGCCCACCTT	16
BL04	4:3I	0.0333333333333333	15	0.0483870967741935	NGN3	TCAACTCCGCGGAGTTGGATGCGCTGCGCGGGGTCCTGCCCACCTT	13
BL05	no variant	0.557342361404994	2634	0.819794584500467	NGN3	TCAACTCCGCGTTGGATGCGCTGCGCGGGGTCCTGCCCACCTT	2536
BL05	3:1I	0.12251375370292	579	0.180205415499533	NGN3	TCAACTCCGCGTTTGGATGCGCTGCGCGGGGTCCTGCCCACCTT	548
BL06	-4:9D	0.641158464798681	5446	1	NGN3	TCAACTCCGCGCTGCGCGGGGTCCTGCCCACCTT	5021
BL07	3:1I	0.14649313087491	1013	0.16642023985543	NGN3	TCAACTCCGCGTTTGGATGCGCTGCGCGGGGTCCTGCCCACCTT	946
BL08	3:1I	0.631508991399531	8077	0.713263864358884	NGN3	TCAACTCCGCGTTTGGATGCGCTGCGCGGGGTCCTGCCCACCTT	7636
BL08	no variant	0.204222048475371	2612	0.230660543977393	NGN3	TCAACTCCGCGTTGGATGCGCTGCGCGGGGTCCTGCCCACCTT	2512
BL08	2:1D	0.0496481626270524	635	0.0560755916637231	NGN3	TCAACTCCGCGTGGATGCGCTGCGCGGGGTCCTGCCCACCTT	603
BL09	3:4I	0.340507302075327	3101	0.434861870705371	NGN3	TCAACTCCGCGTTTTTTGGATGCGCTGCGCGGGGTCCTGCCCACCTT	2906
BL09	-1:1I	0.108817393214011	991	0.138970691347637	NGN3	TCAACTCCGCGTTGAGATGCGCTGCGCGGGGTCCTGCCCACCTT	869
BL09	1:3I	0.0886131547161524	807	0.113167858645351	NGN3	TCAACTCCGCGTTTTAGGATGCGCTGCGCGGGGTCCTGCCCACCTT	427
BL09	1:2I	0.0711540573185462	648	0.0908708456037021	NGN3	TCAACTCCGCGTTTGAGATGCGCTGCGCGGGGTCCTGCCCACCTT	568
BL09	3:2I	0.0466673987042934	425	0.0595989342308232	NGN3	TCAACTCCGCGTTTTGGATGCGCTGCGCGGGGTCCTGCCCACCTT	358
BL09	3:1I	0.0407378939277479	371	0.052026363763848	NGN3	TCAACTCCGCGTTTGGATGCGCTGCGCGGGGTCCTGCCCACCTT	339
BL09	1:4I	0.0378829471834852	345	0.0483803113167859	NGN3	TCAACTCCGCGTTTTTGAGATGCGCTGCGCGGGGTCCTGCCCACCTT	248
BL09	7:26I	0.0341495552871418	311	0.04361239657832	NGN3	TCAACTCCGCGTTGAGATGCGCTGGATGCGCTGCGCGTTGGATGCGCTGCGCGGGGTCCTGCCCACCTT	283
BL09	3:3I	0.0144943450093335	132	0.0185107278081615	NGN3	TCAACTCCGCGTTTTTGGATGCGCTGCGCGGGGTCCTGCCCACCTT	112
BL10	-1:1I	0.46414167981764	2647	0.527500996412913	NGN3	TCAACTCCGCGTTGAGTTGCGCTGCGCGGGGTCCTGCCCACCTT	2470
BL10	-1:1D	0.229879011046817	1311	0.261259465922678	NGN3	TCAACTCCGCGTTGATGCGCTGCGCGGGGTCCTGCCCACCTT	1227
BL10	SNV:-2T,-3A	0.118183412239172	674	0.134316460741331	NGN3	TCAACTCCGCGTTGATTGCGCTGCGCGGGGTCCTGCCCACCTT	634
BL10	SNV:-2T,-3C	0.0461160792565316	263	0.0524113192506975	NGN3	TCAACTCCGCGTTGAGTGCGCTGCGCGGGGTCCTGCCCACCTT	249
BL10	no variant	0.0215675960021042	123	0.0245117576723794	NGN3	TCAACTCCGCGTTGGATGCGCTGCGCGGGGTCCTGCCCACCTT	117
BL11	3:1I	0.399189704480458	3350	0.630291627469426	NGN3	TCAACTCCGCGTTTGGATGCGCTGCGCGGGGTCCTGCCCACCTT	3163
BL11	-10:16D	0.177073403241182	1486	0.279586077140169	NGN3	TCAACTCCGCGGGGTCCTGCCCACCTT	1420
BL11	-8:10D	0.01930409914204	162	0.0304797742238946	NGN3	TCAACTCCGCGTGGGGGGGGTCCTGCCCACCTT	158
BL11	-11:9D	0.0156101048617731	131	0.0246472248353716	NGN3	TCAACTCCGCGTGGGGGGGGGTCCTGCCCACCTT	119
BL11	-11:7D	0.0113203050524309	95	0.0178739416745061	NGN3	TCAACTCCGCGTTGCCTGCCGGGTCCTGCCCACCTT	88
BL11	-13:11D	0.0108436606291706	91	0.0171213546566322	NGN3	TCAACTCCGCGTGGGGGGGTCCTGCCCACCTT	86
BL12	3:1I	0.288617886178862	71	0.422619047619048	NGN3	TCAACTCCGCGTTTGGATGCGCTGCGCGGGGTCCTGCCCACCTT	70
BL12	2:1I	0.17479674796748	43	0.255952380952381	NGN3	TCAACTCCGCGTCCGGATGCGCTGCGCGGGGTCCTGCCCACCTT	40
BL12	-4:9D	0.146341463414634	36	0.214285714285714	NGN3	TCAACTCCGCGCTGCGCGGGGTCCTGCCCACCTT	33
BL13	3:1I	0.852681512715773	6471	1	NGN3	TCAACTCCGCGTTTGGATGCGCTGCGCGGGGTCCTGCCCACCTT	5989
BL14	no variant	0.249405862160021	1889	0.289679497009661	NGN3	TCAACTCCGCGTTGGATGCGCTGCGCGGGGTCCTGCCCACCTT	1848
BL14	3:1I	0.113546342751518	860	0.131881613249502	NGN3	TCAACTCCGCGTTTGGATGCGCTGCGCGGGGTCCTGCCCACCTT	821
BL14	2:1I	0.0492474254026934	373	0.0571998159791443	NGN3	TCAACTCCGCGTGTGGATGCGCTGCGCGGGGTCCTGCCCACCTT	196
BL14	2:3I	0.0196725640348561	149	0.0228492562490416	NGN3	TCAACTCCGCGTAAATGGATGCGCTGCGCGGGGTCCTGCCCACCTT	92
BL14	-4:9D	0.0155796144705572	118	0.0180953841435363	NGN3	TCAACTCCGCGCTGCGCGGGGTCCTGCCCACCTT	116
BL14	2:2I	0.0145233694217058	110	0.0168685784388897	NGN3	TCAACTCCGCGTCCTGGATGCGCTGCGCGGGGTCCTGCCCACCTT	59
BL15	-8:5D,-1:1I	0.239904988123515	303	0.400793650793651	NGN3	TCAACTCCGCGTTGAGATGCGGGGGGTCCTGCCCACCTT	287
BL15	3:6I	0.210609659540776	266	0.351851851851852	NGN3	TCAACTCCGCGTTGAGATTGGATGCGCTGCGCGGGGTCCTGCCCACCTT	251
BL15	-14:1D,-3:1I,-1:1I	0.0395882818685669	50	0.0661375661375661	NGN3	TCAACTCCGCGTTGAGATTGCGCTGCGCGGGTCCTGCCCACCTT	47
BL15	-9:3D,2:5I	0.0308788598574822	39	0.0515873015873016	NGN3	TCAACTCCGCGTTGAGATGGATGCGTGGGGGGTCCTGCCCACCTT	37
BL15	-3:1I,-1:1I	0.0292953285827395	37	0.0489417989417989	NGN3	TCAACTCCGCGTTGAGATTGCGCTGCGCGGGGTCCTGCCCACCTT	36
BL15	no variant	0.0269200316706255	34	0.044973544973545	NGN3	TCAACTCCGCGTTGGATGCGCTGCGCGGGGTCCTGCCCACCTT	34
BL15	-14:1D,-1:5I	0.0213776722090261	27	0.0357142857142857	NGN3	TCAACTCCGCGTTGAGATTGATGCGCTGCGCGGGTCCTGCCCACCTT	26
BLCL	no variant	0.88096146508966	2309	0.985068259385666	NGN3	TCAACTCCGCGTTGGATGCGCTGCGCGGGGTCCTGCCCACCTT	2252
BLCL	3:1I	0.0133536818008394	35	0.0149317406143345	NGN3	TCAACTCCGCGTTTGGATGCGCTGCGCGGGGTCCTGCCCACCTT	34
BLM113	2:1D	0.578787460295539	8382	0.657979433236518	NGN3	TCAACTCCGCGTGGATGCGCTGCGCGGGGTCCTGCCCACCTT	7997
BLM113	3:1I	0.119803894489711	1735	0.136195933746762	NGN3	TCAACTCCGCGTTTGGATGCGCTGCGCGGGGTCCTGCCCACCTT	1658
BLM113	no variant	0.0453666620632509	657	0.0515739069000707	NGN3	TCAACTCCGCGTTGGATGCGCTGCGCGGGGTCCTGCCCACCTT	635
BLM113	2:1I	0.0212677806932744	308	0.0241777219561975	NGN3	TCAACTCCGCGTGTGGATGCGCTGCGCGGGGTCCTGCCCACCTT	280
BLM113	SNV:1C	0.0202320121530175	293	0.0230002354972918	NGN3	TCAACTCCGCGTGGGATGCGCTGCGCGGGGTCCTGCCCACCTT	290
BLM113	4:3I	0.0167794503521613	243	0.0190752806342727	NGN3	TCAACTCCGCGGAGTTGGATGCGCTGCGCGGGGTCCTGCCCACCTT	225
BLM113	-15:1I,-4:9D	0.0159508355199558	231	0.0181332914671481	NGN3	TCAACTCCGCGCTGCGCGGAGGTCCTGCCCACCTT	223
BLM113	-10:16D	0.0118077613589283	171	0.0134233456315252	NGN3	TCAACTCCGCGGGGTCCTGCCCACCTT	167
BLM113	-4:9D	0.0115315564148598	167	0.0131093492424837	NGN3	TCAACTCCGCGCTGCGCGGGGTCCTGCCCACCTT	158
BLM141	-15:1I,-4:9D	0.76887537993921	6324	0.843649946638207	NGN3	TCAACTCCGCGCTGCGCGGAGGTCCTGCCCACCTT	6113
BLM141	3:1I	0.0733130699088146	603	0.0804429028815368	NGN3	TCAACTCCGCGTTTGGATGCGCTGCGCGGGGTCCTGCCCACCTT	582
BLM141	no variant	0.0175075987841945	144	0.0192102454642476	NGN3	TCAACTCCGCGTTGGATGCGCTGCGCGGGGTCCTGCCCACCTT	137
BLM141	-4:9D	0.0132522796352584	109	0.0145410885805763	NGN3	TCAACTCCGCGCTGCGCGGGGTCCTGCCCACCTT	91
BLM151	2:1I	0.244589628419763	2396	0.340002838087129	NGN3	TCAACTCCGCGTGTGGATGCGCTGCGCGGGGTCCTGCCCACCTT	1440
BLM151	-4:9D	0.206512862392813	2023	0.287072513126153	NGN3	TCAACTCCGCGCTGCGCGGGGTCCTGCCCACCTT	1956
BLM151	3:1I	0.0984075132707227	964	0.136795799631049	NGN3	TCAACTCCGCGTTTGGATGCGCTGCGCGGGGTCCTGCCCACCTT	916
BLM151	-3:4D	0.0311351572070233	305	0.0432808287214417	NGN3	TCAACTCCGCGTTGCGCTGCGCGGGGTCCTGCCCACCTT	293
BLM151	-6:8D	0.0260310330747244	255	0.0361856108982546	NGN3	TCAACTCCGCGCCTGCGCGGGGTCCTGCCCACCTT	230
BLM151	3:2I	0.0209269089424255	205	0.0290903930750674	NGN3	TCAACTCCGCGTTTTGGATGCGCTGCGCGGGGTCCTGCCCACCTT	193
BLM151	-17:25D	0.0206206614944875	202	0.0286646800056762	NGN3	TCAACTCCTGCCCACCTT	197
BLM151	2:1D	0.0193956717027358	190	0.0269618277281113	NGN3	TCAACTCCGCGTGGATGCGCTGCGCGGGGTCCTGCCCACCTT	152
BLM151	no variant	0.0177623519804002	174	0.0246913580246914	NGN3	TCAACTCCGCGTTGGATGCGCTGCGCGGGGTCCTGCCCACCTT	171
BLM151	-2:9D	0.0119436504695794	117	0.016602809706258	NGN3	TCAACTATGCGCTGCGCGGGGTCCTGCCCACCTT	110
BLM151	-4:7D	0.0114332380563495	112	0.0158932879239393	NGN3	TCAACTCCGCGCGCTGCGCGGGGTCCTGCCCACCTT	94
BLM151	-3:8D	0.0106165781951817	104	0.0147580530722293	NGN3	TCAACTCCCGCGCTGCGCGGGGTCCTGCCCACCTT	92
BLM153	no variant	0.538365564566438	3452	0.681674565560822	NGN3	TCAACTCCGCGTTGGATGCGCTGCGCGGGGTCCTGCCCACCTT	3356
BLM153	2:1D	0.136774797255147	877	0.173183254344392	NGN3	TCAACTCCGCGTGGATGCGCTGCGCGGGGTCCTGCCCACCTT	841
BLM153	3:1I	0.114628820960699	735	0.145142180094787	NGN3	TCAACTCCGCGTTTGGATGCGCTGCGCGGGGTCCTGCCCACCTT	689
BLM163	3:1I	0.424437947373727	4210	0.505220208808352	NGN3	TCAACTCCGCGTTTGGATGCGCTGCGCGGGGTCCTGCCCACCTT	4040
BLM163	no variant	0.297308196390765	2949	0.353894155766231	NGN3	TCAACTCCGCGTTGGATGCGCTGCGCGGGGTCCTGCCCACCTT	2862
BLM163	2:1D	0.118358705514669	1174	0.140885635425417	NGN3	TCAACTCCGCGTGGATGCGCTGCGCGGGGTCCTGCCCACCTT	1111
BLM171	3:1I	0.59566265060241	2472	0.774921630094044	NGN3	TCAACTCCGCGTTTGGATGCGCTGCGCGGGGTCCTGCCCACCTT	2387
BLM171	no variant	0.0971084337349398	403	0.126332288401254	NGN3	TCAACTCCGCGTTGGATGCGCTGCGCGGGGTCCTGCCCACCTT	396
BLM171	-4:9D	0.0346987951807229	144	0.045141065830721	NGN3	TCAACTCCGCGCTGCGCGGGGTCCTGCCCACCTT	137
BLM171	-6:5D	0.0146987951807229	61	0.0191222570532915	NGN3	TCAACTCCGCGTTGCCTGCGCGGGGTCCTGCCCACCTT	57
BLM171	-3:4D	0.0139759036144578	58	0.0181818181818182	NGN3	TCAACTCCGCGTTGCGCTGCGCGGGGTCCTGCCCACCTT	56
BLM171	-6:8D	0.0125301204819277	52	0.0163009404388715	NGN3	TCAACTCCGCGCCTGCGCGGGGTCCTGCCCACCTT	46
BLM173	3:1I	0.759831460674157	8115	0.867265149086246	NGN3	TCAACTCCGCGTTTGGATGCGCTGCGCGGGGTCCTGCCCACCTT	7800
BLM173	-1:1D	0.0639513108614232	683	0.072993480816501	NGN3	TCAACTCCGCGTTGATGCGCTGCGCGGGGTCCTGCCCACCTT	657
BLM173	no variant	0.0523408239700375	559	0.0597413700972534	NGN3	TCAACTCCGCGTTGGATGCGCTGCGCGGGGTCCTGCCCACCTT	540
BLM183	-10:16D	0.39622641509434	2562	0.701533406352683	NGN3	TCAACTCCGCGGGGTCCTGCCCACCTT	2502
BLM183	2:2D	0.0777915248994742	503	0.137732749178532	NGN3	TCAACTCCGCTGGATGCGCTGCGCGGGGTCCTGCCCACCTT	478
BLM183	2:1D	0.0473244664398392	306	0.083789704271632	NGN3	TCAACTCCGCGTGGATGCGCTGCGCGGGGTCCTGCCCACCTT	287
BLM183	no variant	0.0434580884627281	281	0.0769441401971522	NGN3	TCAACTCCGCGTTGGATGCGCTGCGCGGGGTCCTGCCCACCTT	275
BLM193	3:1I	0.783366486691295	8270	0.900675234153779	NGN3	TCAACTCCGCGTTTGGATGCGCTGCGCGGGGTCCTGCCCACCTT	7935
BLM193	-17:25D	0.0326797385620915	345	0.0375735133957743	NGN3	TCAACTCCTGCCCACCTT	334
BLM193	no variant	0.0210287013356067	222	0.0241777390546722	NGN3	TCAACTCCGCGTTGGATGCGCTGCGCGGGGTCCTGCCCACCTT	214
BLM193	2:1I	0.014208581983518	150	0.0163363101720758	NGN3	TCAACTCCGCGTGTGGATGCGCTGCGCGGGGTCCTGCCCACCTT	113
BLM211	3:1I	0.343839541547278	1800	0.659099231050897	NGN3	TCAACTCCGCGTTTGGATGCGCTGCGCGGGGTCCTGCCCACCTT	1737
BLM211	1:8I	0.177841451766953	931	0.340900768949103	NGN3	TCAACTCCGCGTTGATGCGGAGGATGCGCTGCGCGGGGTCCTGCCCACCTT	881
BLM212	-10:16D	0.775165667402966	4913	0.97094861660079	NGN3	TCAACTCCGCGGGGTCCTGCCCACCTT	4796
BLM212	2:1D	0.023193436415273	147	0.0290513833992095	NGN3	TCAACTCCGCGTGGATGCGCTGCGCGGGGTCCTGCCCACCTT	138
BLM213	2:1I	0.363720383128886	4329	0.403410679340229	NGN3	TCAACTCCGCGTGTGGATGCGCTGCGCGGGGTCCTGCCCACCTT	4134
BLM213	3:6I	0.15467988573349	1841	0.171559034572733	NGN3	TCAACTCCGCGTTGAGATTGGATGCGCTGCGCGGGGTCCTGCCCACCTT	1759
BLM213	3:1I	0.064947067719711	773	0.0720342931693225	NGN3	TCAACTCCGCGTTTGGATGCGCTGCGCGGGGTCCTGCCCACCTT	732
BLM213	3:4I	0.057049235422618	679	0.0632746249184605	NGN3	TCAACTCCGCGTTGATTGGATGCGCTGCGCGGGGTCCTGCCCACCTT	585
BLM213	2:3I	0.0398252394555537	474	0.0441710930947722	NGN3	TCAACTCCGCGTTGATGGATGCGCTGCGCGGGGTCCTGCCCACCTT	210
BLM213	-21:26D	0.0364644597546631	434	0.04044357469015	NGN3	TCAACTCCGCCCACCTT	423
BLM213	2:5I	0.0283985884725256	338	0.0314975305190569	NGN3	TCAACTCCGCGTTGAGATGGATGCGCTGCGCGGGGTCCTGCCCACCTT	303
BLM213	2:4I	0.0279784910099143	333	0.0310315907184792	NGN3	TCAACTCCGCGTTGGATGGATGCGCTGCGCGGGGTCCTGCCCACCTT	134
BLM213	2:2I	0.0268022181146026	319	0.0297269592768614	NGN3	TCAACTCCGCGTGGTGGATGCGCTGCGCGGGGTCCTGCCCACCTT	198
BLM213	3:5I	0.0233574189211897	278	0.0259062529121238	NGN3	TCAACTCCGCGTTGGATTGGATGCGCTGCGCGGGGTCCTGCCCACCTT	139
BLM213	4:9I	0.0176440934296757	210	0.0195694716242661	NGN3	TCAACTCCGCGTTGAGATTGTTGGATGCGCTGCGCGGGGTCCTGCCCACCTT	195
BLM213	4:3I	0.0171399764745421	204	0.0190103438635728	NGN3	TCAACTCCGCGTGGTTGGATGCGCTGCGCGGGGTCCTGCCCACCTT	181
BLM213	4:4I	0.0147874306839187	176	0.0164010809803373	NGN3	TCAACTCCGCGTTGGTTGGATGCGCTGCGCGGGGTCCTGCCCACCTT	86
BLM213	no variant	0.0105864560578054	126	0.0117416829745597	NGN3	TCAACTCCGCGTTGGATGCGCTGCGCGGGGTCCTGCCCACCTT	120
BLM221	3:2I	0.458004018754186	3419	0.503312233181216	NGN3	TCAACTCCGCGTTTTGGATGCGCTGCGCGGGGTCCTGCCCACCTT	3248
BLM221	3:1I	0.414199598124581	3092	0.455174444280877	NGN3	TCAACTCCGCGTTTGGATGCGCTGCGCGGGGTCCTGCCCACCTT	2954
BLM221	no variant	0.0377762893503014	282	0.0415133225379067	NGN3	TCAACTCCGCGTTGGATGCGCTGCGCGGGGTCCTGCCCACCTT	275
BLM223	-4:9D	0.243977272727273	2147	0.42439217236608	NGN3	TCAACTCCGCGCTGCGCGGGGTCCTGCCCACCTT	2086
BLM223	2:1I	0.218863636363636	1926	0.380707649733149	NGN3	TCAACTCCGCGTGTGGATGCGCTGCGCGGGGTCCTGCCCACCTT	1321
BLM223	no variant	0.0721590909090909	635	0.125518877248468	NGN3	TCAACTCCGCGTTGGATGCGCTGCGCGGGGTCCTGCCCACCTT	622
BLM223	-2:9D	0.0398863636363636	351	0.0693813006523028	NGN3	TCAACTATGCGCTGCGCGGGGTCCTGCCCACCTT	342
BLM231	2:1D	0.36914749661705	1364	0.693441789527199	NGN3	TCAACTCCGCGTGGATGCGCTGCGCGGGGTCCTGCCCACCTT	1307
BLM231	-5:12D	0.120162381596752	444	0.225724453482461	NGN3	TCAACTCGCTGCGCGGGGTCCTGCCCACCTT	424
BLM231	-6:1I	0.0430311231393775	159	0.0808337569903406	NGN3	TCAACTCCGCGGGGGGTTCAGCTGCGCGGGGTCCTGCCCACCTT	121
BLM233	SNV:1C	0.685459940652819	4851	0.771469465648855	NGN3	TCAACTCCGCGTGGGATGCGCTGCGCGGGGTCCTGCCCACCTT	4726
BLM233	no variant	0.0709340115868306	502	0.0798346055979644	NGN3	TCAACTCCGCGTTGGATGCGCTGCGCGGGGTCCTGCCCACCTT	484
BLM233	-3:4D	0.052847251660308	374	0.0594783715012723	NGN3	TCAACTCCGCGTTGCGCTGCGCGGGGTCCTGCCCACCTT	359
BLM233	-10:16D	0.0333474636145259	236	0.0375318066157761	NGN3	TCAACTCCGCGGGGTCCTGCCCACCTT	228
BLM233	2:1I	0.0220432386604493	156	0.0248091603053435	NGN3	TCAACTCCGCGTGTGGATGCGCTGCGCGGGGTCCTGCCCACCTT	123
BLM233	-1:1I	0.0138476755687438	98	0.0155852417302799	NGN3	TCAACTCCGCGTTGAGTTGCGCTGCGCGGGGTCCTGCCCACCTT	93
BLM233	3:1I	0.010032499646743	71	0.0112913486005089	NGN3	TCAACTCCGCGTTTGGATGCGCTGCGCGGGGTCCTGCCCACCTT	52
BLM241	-17:25D	0.651699364465322	4717	0.942457542457542	NGN3	TCAACTCCTGCCCACCTT	4562
BLM241	-5:11D	0.0397899972368057	288	0.0575424575424575	NGN3	TCAACTCCGCTGCGCGGGGTCCTGCCCACCTT	278
BLM242	1:3D	0.802437556424917	5333	0.889871516769564	NGN3	TCAACTCCGCGGATGCGCTGCGCGGGGTCCTGCCCACCTT	5142
BLM242	2:1D	0.0359614805898285	239	0.0398798598364759	NGN3	TCAACTCCGCGTGGATGCGCTGCGCGGGGTCCTGCCCACCTT	229
BLM242	1:2D	0.024526030695155	163	0.027198398131153	NGN3	TCAACTCCGCGGGATGCGCTGCGCGGGGTCCTGCCCACCTT	156
BLM242	-1:1D	0.0173036412879928	115	0.0191890538962122	NGN3	TCAACTCCGCGTTGATGCGCTGCGCGGGGTCCTGCCCACCTT	109
BLM242	no variant	0.0109840505567258	73	0.0121808776906391	NGN3	TCAACTCCGCGTTGGATGCGCTGCGCGGGGTCCTGCCCACCTT	72
BLM242	-1:2D	0.0105326512187782	70	0.0116802936759553	NGN3	TCAACTCCGCGTGATGCGCTGCGCGGGGTCCTGCCCACCTT	70
BLM243	2:1D	0.762767509727626	6273	0.927409816676523	NGN3	TCAACTCCGCGTGGATGCGCTGCGCGGGGTCCTGCCCACCTT	6008
BLM243	3:1I	0.0597033073929961	491	0.0725901833234772	NGN3	TCAACTCCGCGTTTGGATGCGCTGCGCGGGGTCCTGCCCACCTT	464
BLM251	3:1I	0.910112359550562	7209	1	NGN3	TCAACTCCGCGTTTGGATGCGCTGCGCGGGGTCCTGCCCACCTT	6899
BLM252	-1:1D	0.900872213761595	6507	1	NGN3	TCAACTCCGCGTTGATGCGCTGCGCGGGGTCCTGCCCACCTT	6201
BLM253	3:1I	0.789019419803405	6582	0.882069150361833	NGN3	TCAACTCCGCGTTTGGATGCGCTGCGCGGGGTCCTGCCCACCTT	6353
BLM253	2:1I	0.0539438983457204	450	0.0603055481104262	NGN3	TCAACTCCGCGTCCGGATGCGCTGCGCGGGGTCCTGCCCACCTT	393
BLM253	no variant	0.0358427235674898	299	0.0400696864111498	NGN3	TCAACTCCGCGTTGGATGCGCTGCGCGGGGTCCTGCCCACCTT	291
BLM253	1:1I	0.0157036681850875	131	0.0175556151165907	NGN3	TCAACTCCGCGTTGGGATGCGCTGCGCGGGGTCCTGCCCACCTT	118
BLM261	-2:9D	0.792161961367013	4265	1	NGN3	TCAACTATGCGCTGCGCGGGGTCCTGCCCACCTT	4133
BLM511	-3:4D	0.919390415079206	4585	1	NGN3	TCAACTCCGCGTTGCGCTGCGCGGGGTCCTGCCCACCTT	4409
BLM512	2:1D	0.405051150895141	1267	0.468738438771735	NGN3	TCAACTCCGCGTGGATGCGCTGCGCGGGGTCCTGCCCACCTT	1225
BLM512	no variant	0.242966751918159	760	0.281169071402146	NGN3	TCAACTCCGCGTTGGATGCGCTGCGCGGGGTCCTGCCCACCTT	742
BLM512	3:1I	0.216112531969309	676	0.250092489826119	NGN3	TCAACTCCGCGTTTGGATGCGCTGCGCGGGGTCCTGCCCACCTT	659
BLM521	3:1I	0.484536082474227	2397	0.529139072847682	NGN3	TCAACTCCGCGTTTGGATGCGCTGCGCGGGGTCCTGCCCACCTT	2297
BLM521	2:1I	0.375581160299171	1858	0.410154525386313	NGN3	TCAACTCCGCGTGTGGATGCGCTGCGCGGGGTCCTGCCCACCTT	1755
BLM521	3:2I	0.037396401859713	185	0.0408388520971302	NGN3	TCAACTCCGCGTTTTGGATGCGCTGCGCGGGGTCCTGCCCACCTT	174
BLM521	2:2I	0.0181928441479685	90	0.0198675496688742	NGN3	TCAACTCCGCGTTGTGGATGCGCTGCGCGGGGTCCTGCCCACCTT	68
BLM522	2:1I	0.68569746909947	4660	0.761064837497959	NGN3	TCAACTCCGCGTGTGGATGCGCTGCGCGGGGTCCTGCCCACCTT	4454
BLM522	3:1I	0.196439081812831	1335	0.218030377266046	NGN3	TCAACTCCGCGTTTGGATGCGCTGCGCGGGGTCCTGCCCACCTT	1282
BLM531	2:1I	0.902284971205647	4857	0.984992902048266	NGN3	TCAACTCCGCGTCCGGATGCGCTGCGCGGGGTCCTGCCCACCTT	4672
BLM531	3:1I	0.0137469812372283	74	0.0150070979517339	NGN3	TCAACTCCGCGTTTGGATGCGCTGCGCGGGGTCCTGCCCACCTT	61
BLM532	3:1I	0.0398972940944104	202	0.0427151617678156	NGN3	TCAACTCCGCGTTTGGATGCGCTGCGCGGGGTCCTGCCCACCTT	195
BLM532	-21:26D	0.0142208176970176	72	0.0152252061746669	NGN3	TCAACTCCGCCCACCTT	70
BLM551	3:1I	0.828318584070797	4212	1	NGN3	TCAACTCCGCGTTTGGATGCGCTGCGCGGGGTCCTGCCCACCTT	4048
PTM134	no variant	0.538193840264486	3093	0.617365269461078	NGN3	TCAACTCCGCGTTGGATGCGCTGCGCGGGGTCCTGCCCACCTT	2999
PTM134	-3:6D	0.0856098834174352	492	0.0982035928143713	NGN3	TCAACTCCGCTGCGCTGCGCGGGGTCCTGCCCACCTT	471
PTM134	-2:5D	0.0796937532625718	458	0.0914171656686627	NGN3	TCAACTCCGCTTGCGCTGCGCGGGGTCCTGCCCACCTT	452
PTM134	2:1D	0.0614233513137289	353	0.0704590818363273	NGN3	TCAACTCCGCGTGGATGCGCTGCGCGGGGTCCTGCCCACCTT	302
PTM134	-3:4D	0.0426309378806334	245	0.0489021956087824	NGN3	TCAACTCCGCGTTGCGCTGCGCGGGGTCCTGCCCACCTT	181
PTM134	-1:2D	0.0292326431181486	168	0.0335329341317365	NGN3	TCAACTCCGCGTGGTGCGCTGCGCGGGGTCCTGCCCACCTT	87
PTM134	2:2D	0.0179223942926744	103	0.0205588822355289	NGN3	TCAACTCCGCTTGATGCGCTGCGCGGGGTCCTGCCCACCTT	93
PTM134	-4:3D	0.0170523751522534	98	0.019560878243513	NGN3	TCAACTCCGCGTGGGCGCTGCGCGGGGTCCTGCCCACCTT	85
PTM2103	no variant	0.275601868487244	767	0.423522915516289	NGN3	TCAACTCCGCGTTGGATGCGCTGCGCGGGGTCCTGCCCACCTT	737
PTM2103	3:1I	0.120733021918793	336	0.185532854776367	NGN3	TCAACTCCGCGTTTGGATGCGCTGCGCGGGGTCCTGCCCACCTT	310
PTM2103	-4:9D	0.0704275961192957	196	0.108227498619547	NGN3	TCAACTCCGCGCTGCGCGGGGTCCTGCCCACCTT	192
PTM2103	4:8I	0.0704275961192957	196	0.108227498619547	NGN3	TCAACTCCGCGTTGCGGAGTTGGATGCGCTGCGCGGGGTCCTGCCCACCTT	187
PTM2103	2:6I	0.0201221703197988	56	0.0309221424627278	NGN3	TCAACTCCGCGTTGGGAGTGGATGCGCTGCGCGGGGTCCTGCCCACCTT	51
PTM2103	4:7I	0.0176068990298239	49	0.0270568746548868	NGN3	TCAACTCCGCGTTGGGAGTTGGATGCGCTGCGCGGGGTCCTGCCCACCTT	37
PTM2103	4:6I	0.0165289256198347	46	0.0254003313086692	NGN3	TCAACTCCGCGTTGGGGTTGGATGCGCTGCGCGGGGTCCTGCCCACCTT	29
PTM2103	-6:8D	0.0136543298598635	38	0.0209828823854224	NGN3	TCAACTCCGCGCCTGCGCGGGGTCCTGCCCACCTT	37
PTM2103	2:1I	0.0125763564498742	35	0.0193263390392049	NGN3	TCAACTCCGCGTCCGGATGCGCTGCGCGGGGTCCTGCCCACCTT	18
PTM2103	2:5I	0.0118577075098814	33	0.0182219768083932	NGN3	TCAACTCCGCGTTGGGGTGGATGCGCTGCGCGGGGTCCTGCCCACCTT	23
PTM2103	-6:5D	0.0111390585698886	31	0.0171176145775814	NGN3	TCAACTCCGCGTTGCCTGCGCGGGGTCCTGCCCACCTT	28
PTM2103	3:6I	0.0100610851598994	28	0.0154610712313639	NGN3	TCAACTCCGCGTTGCGATTGGATGCGCTGCGCGGGGTCCTGCCCACCTT	27
PTM213	no variant	0.548258706467662	1102	1	NGN3	TCAACTCCGCGTTGGATGCGCTGCGCGGGGTCCTGCCCACCTT	1059
PTM233	no variant	0.458711534204118	2072	0.577480490523969	NGN3	TCAACTCCGCGTTGGATGCGCTGCGCGGGGTCCTGCCCACCTT	2020
PTM233	3:1I	0.140801416869604	636	0.177257525083612	NGN3	TCAACTCCGCGTTTGGATGCGCTGCGCGGGGTCCTGCCCACCTT	612
PTM233	3:2I	0.111578481292894	504	0.140468227424749	NGN3	TCAACTCCGCGTTTTGGATGCGCTGCGCGGGGTCCTGCCCACCTT	492
PTM233	3:3I	0.0575603276510959	260	0.072463768115942	NGN3	TCAACTCCGCGTTTTTGGATGCGCTGCGCGGGGTCCTGCCCACCTT	248
PTM233	2:1D	0.025680761567412	116	0.032329988851728	NGN3	TCAACTCCGCGTGGATGCGCTGCGCGGGGTCCTGCCCACCTT	75
PTM243	3:1I	0.444085773576205	1926	0.597765363128492	NGN3	TCAACTCCGCGTTTGGATGCGCTGCGCGGGGTCCTGCCCACCTT	1854
PTM243	no variant	0.136961032972101	594	0.184357541899441	NGN3	TCAACTCCGCGTTGGATGCGCTGCGCGGGGTCCTGCCCACCTT	573
PTM243	2:3I	0.100760894627623	437	0.135630043451272	NGN3	TCAACTCCGCGTTGGTGGATGCGCTGCGCGGGGTCCTGCCCACCTT	232
PTM243	-1:1D	0.0611021443394051	265	0.0822470515207945	NGN3	TCAACTCCGCGTTGATGCGCTGCGCGGGGTCCTGCCCACCTT	250
PTM263	no variant	0.645974329054842	2768	0.714138286893705	NGN3	TCAACTCCGCGTTGGATGCGCTGCGCGGGGTCCTGCCCACCTT	2682
PTM263	1:2I	0.117852975495916	505	0.130288957688338	NGN3	TCAACTCCGCGTTGAGGATGCGCTGCGCGGGGTCCTGCCCACCTT	489
PTM263	1:1I	0.0623103850641774	267	0.0688854489164087	NGN3	TCAACTCCGCGTTGGGATGCGCTGCGCGGGGTCCTGCCCACCTT	251
PTM263	-1:1I	0.0499416569428238	214	0.0552115583075335	NGN3	TCAACTCCGCGTTGAGATGCGCTGCGCGGGGTCCTGCCCACCTT	204
PTM263	2:1I	0.0163360560093349	70	0.0180598555211558	NGN3	TCAACTCCGCGTGTGGATGCGCTGCGCGGGGTCCTGCCCACCTT	42
PTM263	3:1I	0.0121353558926488	52	0.0134158926728586	NGN3	TCAACTCCGCGTTTGGATGCGCTGCGCGGGGTCCTGCCCACCTT	47
PTM273	2:1I	0.479791036568601	1745	0.53380238605078	NGN3	TCAACTCCGCGTGTGGATGCGCTGCGCGGGGTCCTGCCCACCTT	1664
PTM273	no variant	0.419026670332692	1524	0.46619761394922	NGN3	TCAACTCCGCGTTGGATGCGCTGCGCGGGGTCCTGCCCACCTT	1472
PTM293	3:1I	0.383350821965722	1096	0.424806201550388	NGN3	TCAACTCCGCGTTTGGATGCGCTGCGCGGGGTCCTGCCCACCTT	1059
PTM293	2:1I	0.320391745365512	916	0.355038759689922	NGN3	TCAACTCCGCGTGTGGATGCGCTGCGCGGGGTCCTGCCCACCTT	881
PTM293	no variant	0.19867086393844	568	0.22015503875969	NGN3	TCAACTCCGCGTTGGATGCGCTGCGCGGGGTCCTGCCCACCTT	556
PTM5103	3:6I	0.238198696425044	1206	0.598511166253102	NGN3	TCAACTCCGCGTTGAGATTGGATGCGCTGCGCGGGGTCCTGCCCACCTT	998
PTM5103	3:1I	0.159786687734545	809	0.401488833746898	NGN3	TCAACTCCGCGTTTGGATGCGCTGCGCGGGGTCCTGCCCACCTT	775
PTM513	4:9I	0.702134337727558	4474	1	NGN3	TCAACTCCGCGTTGAGATTGTTGGATGCGCTGCGCGGGGTCCTGCCCACCTT	4254
PTM514	no variant	0.077521947987411	936	0.0850367947669665	NGN3	TCAACTCCGCGTTGGATGCGCTGCGCGGGGTCCTGCCCACCTT	899
PTM514	3:1I	0.050521782342223	610	0.0554192786408649	NGN3	TCAACTCCGCGTTTGGATGCGCTGCGCGGGGTCCTGCCCACCTT	575
PTM514	-21:26D	0.0267516978631771	323	0.0293449622967203	NGN3	TCAACTCCGCCCACCTT	316
PTM523	3:1I	0.377618364418938	1316	0.590664272890485	NGN3	TCAACTCCGCGTTTGGATGCGCTGCGCGGGGTCCTGCCCACCTT	1247
PTM523	-4:9D	0.261692969870875	912	0.409335727109515	NGN3	TCAACTCCGCGCTGCGCGGGGTCCTGCCCACCTT	874
PTM524	no variant	0.39626122248186	3222	0.43000133457894	NGN3	TCAACTCCGCGTTGGATGCGCTGCGCGGGGTCCTGCCCACCTT	3111
PTM524	3:1I	0.20710859672857	1684	0.224743093553984	NGN3	TCAACTCCGCGTTTGGATGCGCTGCGCGGGGTCCTGCCCACCTT	1610
PTM524	2:1I	0.172057557496003	1399	0.186707593754171	NGN3	TCAACTCCGCGTCTGGATGCGCTGCGCGGGGTCCTGCCCACCTT	1330
PTM524	2:2I	0.146107489853647	1188	0.158547978112905	NGN3	TCAACTCCGCGTCCTGGATGCGCTGCGCGGGGTCCTGCCCACCTT	1133
PTM533	-8:9D	0.222243309925982	2342	0.335002145615792	NGN3	TCAACTCCGCGTTGCGCGGGGTCCTGCCCACCTT	2241
PTM533	-4:9D	0.085120516226988	897	0.128307824345587	NGN3	TCAACTCCGCGCTGCGCGGGGTCCTGCCCACCTT	874
PTM533	3:4I	0.0553235908141962	583	0.0833929337719926	NGN3	TCAACTCCGCGTTTTTTGGATGCGCTGCGCGGGGTCCTGCCCACCTT	526
PTM533	no variant	0.0420383374454356	443	0.0633671863824918	NGN3	TCAACTCCGCGTTGGATGCGCTGCGCGGGGTCCTGCCCACCTT	433
PTM533	-4:10D	0.0342569747580186	361	0.0516378200543556	NGN3	TCAACTCGCGCTGCGCGGGGTCCTGCCCACCTT	267
PTM533	4:9I	0.03378250142342	356	0.0509226147904449	NGN3	TCAACTCCGCGTTGAGATTGTTGGATGCGCTGCGCGGGGTCCTGCCCACCTT	327
PTM533	3:1I	0.0328335547542228	346	0.0494922042626234	NGN3	TCAACTCCGCGTTTGGATGCGCTGCGCGGGGTCCTGCCCACCTT	330
PTM533	-8:8D	0.0254317707344847	268	0.0383350021456158	NGN3	TCAACTCCGCGCTTGCGCGGGGTCCTGCCCACCTT	260
PTM533	-10:16D	0.0249572973998861	263	0.037619796881705	NGN3	TCAACTCCGCGGGGTCCTGCCCACCTT	256
PTM533	2:1D	0.019927880053141	210	0.0300386210842512	NGN3	TCAACTCCGCGTGGATGCGCTGCGCGGGGTCCTGCCCACCTT	201
PTM533	-3:11D	0.016226988043272	171	0.0244600200257474	NGN3	TCAACTGCGCTGCGCGGGGTCCTGCCCACCTT	163
PTM533	-14:1D,-2:2D	0.0123363066995635	130	0.0185953368616793	NGN3	TCAACTCCGCGTTTTGCGCTGCGCGGGTCCTGCCCACCTT	128
PTM533	2:1I	0.0106282026950085	112	0.0160205979116006	NGN3	TCAACTCCGCGTATGGATGCGCTGCGCGGGGTCCTGCCCACCTT	103
PTM533	-11:2D,3:3I	0.0104384133611691	110	0.0157345158060363	NGN3	TCAACTCCGCGTTTTTGGATGCGCTGGGGGGTCCTGCCCACCTT	89
PTM533	-3:4D	0.0101537293604099	107	0.0153053926476899	NGN3	TCAACTCCGCGTTGAGTTGCGCGGGGTCCTGCCCACCTT	44
PTM534	no variant	0.220335244816939	999	0.425287356321839	NGN3	TCAACTCCGCGTTGGATGCGCTGCGCGGGGTCCTGCCCACCTT	977
PTM534	-3:1I,-1:1I	0.198941332157036	902	0.38399318859089	NGN3	TCAACTCCGCGTTGAGATTGCGCTGCGCGGGGTCCTGCCCACCTT	862
PTM534	1:3D	0.0988089986766652	448	0.190719455087271	NGN3	TCAACTCCGCGGATGCGCTGCGCGGGGTCCTGCCCACCTT	420
PTM543	3:1I	0.319474166921431	2090	0.451696563648152	NGN3	TCAACTCCGCGTTTGGATGCGCTGCGCGGGGTCCTGCCCACCTT	1986
PTM543	-4:9D	0.231886273310914	1517	0.327858223470931	NGN3	TCAACTCCGCGCTGCGCGGGGTCCTGCCCACCTT	1453
PTM543	-6:5D	0.0307245490675634	201	0.0434406743030041	NGN3	TCAACTCCGCGTTGCCTGCGCGGGGTCCTGCCCACCTT	189
PTM543	-6:8D	0.0250687863038826	164	0.0354441322671277	NGN3	TCAACTCCGCGCCTGCGCGGGGTCCTGCCCACCTT	153
PTM543	no variant	0.0233873433200856	153	0.0330667819321375	NGN3	TCAACTCCGCGTTGGATGCGCTGCGCGGGGTCCTGCCCACCTT	148
PTM543	-3:4D	0.0206358911647814	135	0.0291765722930625	NGN3	TCAACTCCGCGTTGCGCTGCGCGGGGTCCTGCCCACCTT	119
PTM543	-11:2D	0.0120758177927239	79	0.0170736978603847	NGN3	TCAACTCCGCGTTGGCTGCGCTGGGGGGTCCTGCCCACCTT	55
PTM543	-14:1D,-1:1D	0.011770100886579	77	0.0166414523449319	NGN3	TCAACTCCGCGTTGATGCGCTGCGCGGGTCCTGCCCACCTT	77
PTM543	-1:6D	0.0110058086212168	72	0.0155608385563	NGN3	TCAACTCCCTTGCGCTGCGCGGGGTCCTGCCCACCTT	35
PTM543	-4:3D,7:1D	0.0107000917150718	70	0.0151285930408472	NGN3	TCAACTCGCGTGGGCGCTGCGCGGGGTCCTGCCCACCTT	67
PTM543	-3:4D,5:1D	0.0105472332619994	69	0.0149124702831208	NGN3	TCAACTCCCGTTGCGCTGCGCGGGGTCCTGCCCACCTT	66
PTM553	-3:4D	0.26013024602026	1438	0.520448787549765	NGN3	TCAACTCCGCGTTGAGTTGCGCGGGGTCCTGCCCACCTT	1256
PTM553	2:12I	0.170767004341534	944	0.341657618530583	NGN3	TCAACTCCGCGTTGAGAGGCTGGCTGGATGCGCTGCGCGGGGTCCTGCCCACCTT	900
PTM553	-3:5D	0.0276772793053546	153	0.0553745928338762	NGN3	TCAACTCCGCGTGCGCTGCGCGGGGTCCTGCCCACCTT	65
PTM553	4:9I	0.0170043415340087	94	0.0340209916757148	NGN3	TCAACTCCGCTTGAGAGCTGCTGGATGCGCTGCGCGGGGTCCTGCCCACCTT	53
PTM553	2:9I	0.0133863965267728	74	0.0267824828085414	NGN3	TCAACTCCGCGTGAGAGGTGGTGGATGCGCTGCGCGGGGTCCTGCCCACCTT	55
PTM553	-8:1I,-3:4D	0.0108538350217077	60	0.0217155266015201	NGN3	TCAACTCCGCGTTGCGCTTGCGCGGGGTCCTGCCCACCTT	59
PTM554	no variant	0.421603438609606	2256	0.558969276511397	NGN3	TCAACTCCGCGTTGGATGCGCTGCGCGGGGTCCTGCCCACCTT	2186
PTM554	3:1I	0.182582694823398	977	0.24207135777998	NGN3	TCAACTCCGCGTTTGGATGCGCTGCGCGGGGTCCTGCCCACCTT	931
PTM554	-1:1I	0.150065408334891	803	0.198959365708622	NGN3	TCAACTCCGCGTTGAGTTGCGCTGCGCGGGGTCCTGCCCACCTT	738
PTM564	no variant	0.186065136145222	697	0.421148036253776	NGN3	TCAACTCCGCGTTGGATGCGCTGCGCGGGGTCCTGCCCACCTT	677
PTM564	-4:9D	0.140416444207154	526	0.317824773413897	NGN3	TCAACTCCGCGCTGCGCGGGGTCCTGCCCACCTT	501
PTM564	2:3I	0.115323011211959	432	0.261027190332326	NGN3	TCAACTCCGCGTCCCTGGATGCGCTGCGCGGGGTCCTGCCCACCTT	397
PTM573	2:1D	0.456632090046347	2069	0.496997357674754	NGN3	TCAACTCCGCGTGGATGCGCTGCGCGGGGTCCTGCCCACCTT	1996
PTM573	no variant	0.414257338335908	1877	0.450876771558972	NGN3	TCAACTCCGCGTTGGATGCGCTGCGCGGGGTCCTGCCCACCTT	1832
PTM573	3:1I	0.0478922975060693	217	0.0521258707662743	NGN3	TCAACTCCGCGTTTGGATGCGCTGCGCGGGGTCCTGCCCACCTT	213
PTM574	3:1I	0.878149100257069	8540	1	NGN3	TCAACTCCGCGTTTGGATGCGCTGCGCGGGGTCCTGCCCACCTT	8194
PTM583	-10:16D	0.703906622201048	2955	0.962227287528492	NGN3	TCAACTCCGCGGGGTCCTGCCCACCTT	2874
PTM583	3:2I	0.0171510242972844	72	0.0234451318788668	NGN3	TCAACTCCGCGTTTTGGATGCGCTGCGCGGGGTCCTGCCCACCTT	71
PTM583	2:2D	0.0104811815150071	44	0.0143275805926408	NGN3	TCAACTCCGCTGGATGCGCTGCGCGGGGTCCTGCCCACCTT	40
PTM584	-21:26D	0.788409296709931	7836	0.910421749738585	NGN3	TCAACTCCGCCCACCTT	7688
PTM584	-22:25D	0.0258577321662139	257	0.029859416753805	NGN3	TCAACTCCGCCCCACCTT	249
PTM584	-22:23D	0.0240466847771406	239	0.0277680957360288	NGN3	TCAACTCCGCGTCCCACCTT	234
PTM584	no variant	0.0162994265016601	162	0.0188218891599861	NGN3	TCAACTCCGCGTTGGATGCGCTGCGCGGGGTCCTGCCCACCTT	150
PTM584	-21:25D	0.0113693530536271	113	0.0131288486115952	NGN3	TCAACTCCGTCCCACCTT	101
PTM593	2:1I	0.898399542726493	6287	1	NGN3	TCAACTCCGCGTATGGATGCGCTGCGCGGGGTCCTGCCCACCTT	6023
PTM594	2:1I	0.33769322235434	2840	0.407519012770842	NGN3	TCAACTCCGCGTCTGGATGCGCTGCGCGGGGTCCTGCCCACCTT	2677
PTM594	no variant	0.214982164090369	1808	0.259434639116085	NGN3	TCAACTCCGCGTTGGATGCGCTGCGCGGGGTCCTGCCCACCTT	1730
PTM594	-1:1I	0.0694411414982164	584	0.0837996843162577	NGN3	TCAACTCCGCGTTGAGATGCGCTGCGCGGGGTCCTGCCCACCTT	566
PTM594	3:2I	0.0523186682520809	440	0.0631367484574544	NGN3	TCAACTCCGCGTCTTGGATGCGCTGCGCGGGGTCCTGCCCACCTT	388
PTM594	3:6I	0.0521997621878716	439	0.0629932558473239	NGN3	TCAACTCCGCGTTGAGATTGGATGCGCTGCGCGGGGTCCTGCCCACCTT	383
PTM594	3:4I	0.0317479191438763	267	0.0383125269048644	NGN3	TCAACTCCGCGTTGATTGGATGCGCTGCGCGGGGTCCTGCCCACCTT	130
PTM594	3:1I	0.0273483947681332	230	0.033003300330033	NGN3	TCAACTCCGCGTTTGGATGCGCTGCGCGGGGTCCTGCCCACCTT	185
PTM594	2:4I	0.0227110582639715	191	0.0274070885349404	NGN3	TCAACTCCGCGTTGGATGGATGCGCTGCGCGGGGTCCTGCCCACCTT	111
PTM594	2:3I	0.0202140309155767	170	0.0243937437221983	NGN3	TCAACTCCGCGTGGCTGGATGCGCTGCGCGGGGTCCTGCCCACCTT	86
PTMCL	no variant	0.901405975395431	5129	1	NGN3	TCAACTCCGCGTTGGATGCGCTGCGCGGGGTCCTGCCCACCTT	4973
